1880,Jonathan,M
1881,Johnathan,M
1881,Jonathan,M
1882,Jonathan,M
1883,Jonathan,M
1884,Jonathan,M
1885,Jonathan,M
1886,Johnathan,M
1886,Jonathan,M
1887,Jonathan,M
1888,Jonathan,M
1889,Jonathan,M
1890,Jonathan,M
1891,Jonathan,M
1892,Jonathan,M
1893,Jonathan,M
1894,Jonathan,M
1895,Jonathan,M
1896,Jonathan,M
1897,Jonathan,M
1898,Jonathan,M
1899,Jonathan,M
1900,Jonathan,M
1901,Jonathan,M
1902,Jonathan,M
1903,Jonathan,M
1904,Jonathan,M
1905,Jonathan,M
1906,Jonathan,M
1907,Jonathan,M
1908,Jonathan,M
1909,Jonathan,M
1910,Jonathan,M
1911,Jonathan,M
1912,Jonathan,M
1912,Jonathon,M
1913,Jonathan,M
1914,Johnathan,M
1914,Jonathan,M
1915,Johnathan,M
1915,Jonathan,M
1915,Jonathon,M
1916,Johnathan,M
1916,Jonathan,M
1916,Jonathon,M
1917,Johnathan,M
1917,Jonathan,M
1917,Jonathon,M
1918,Johnathan,M
1918,Jonathan,M
1919,Johnathan,M
1919,Johnathon,M
1919,Jonathan,M
1919,Jonathon,M
1920,Johnathan,M
1920,Jonathan,M
1921,Johnathan,M
1921,Jonathan,M
1921,Jonathon,M
1922,Johnathan,M
1922,Jonathan,M
1922,Jonathon,M
1923,Johnathan,M
1923,Jonathan,M
1923,Jonathon,M
1924,Johnathan,M
1924,Jonathan,M
1924,Jonathon,M
1925,Johnathan,M
1925,Jonathan,M
1926,Johnathan,M
1926,Jonathan,M
1926,Jonathon,M
1927,Johnathan,M
1927,Jonathan,M
1927,Jonathon,M
1928,Johnathan,M
1928,Jonathan,M
1928,Jonathon,M
1929,Johnathan,M
1929,Jonathan,M
1929,Jonathon,M
1930,Johnathan,M
1930,Jonathan,M
1930,Jonathon,M
1931,Johnathan,M
1931,Jonathan,M
1932,Johnathan,M
1932,Jonathan,M
1933,Johnathan,M
1933,Jonathan,M
1934,Joenathan,M
1934,Johnathan,M
1934,Jonathan,M
1935,Joenathan,M
1935,Johnathan,M
1935,Jonathan,M
1936,Joenathan,M
1936,Johnathan,M
1936,Jonathan,M
1936,Jonathon,M
1937,Joenathan,M
1937,Johnathan,M
1937,Jonathan,M
1937,Jonathon,M
1938,Joenathan,M
1938,Johnathan,M
1938,Jonathan,M
1938,Jonathon,M
1939,Joenathan,M
1939,Johnathan,M
1939,Jonathan,M
1939,Jonathon,M
1940,Johnathan,M
1940,Jonathan,M
1940,Jonathon,M
1941,Johnathan,M
1941,Jonathan,M
1941,Jonathon,M
1942,Joenathan,M
1942,Johnathan,M
1942,Johnathon,M
1942,Jonathan,M
1942,Jonathon,M
1943,Johnathan,M
1943,Jonathan,M
1943,Jonathon,M
1944,Joenathan,M
1944,Johnathan,M
1944,Jonathan,M
1944,Jonathon,M
1945,Johnathan,M
1945,Jonathan,M
1945,Jonathon,M
1946,Joenathan,M
1946,Johnathan,M
1946,Jonathan,M
1946,Jonathon,M
1947,Joenathan,M
1947,Johnathan,M
1947,Jonathan,M
1947,Jonathon,M
1948,Joenathan,M
1948,Johnathan,M
1948,Jonathan,M
1948,Jonathon,M
1949,Joenathan,M
1949,Johnathan,M
1949,Johnathon,M
1949,Jonathan,M
1949,Jonathon,M
1950,Joenathan,M
1950,Johnathan,M
1950,Johnathon,M
1950,Jonathan,M
1950,Jonathon,M
1950,Jonothan,M
1951,Joenathan,M
1951,Johnathan,M
1951,Johnathon,M
1951,Jonathan,M
1951,Jonathon,M
1952,Joenathan,M
1952,Johnathan,M
1952,Johnathon,M
1952,Jonathan,M
1952,Jonathon,M
1952,Jonothan,M
1953,Joenathan,M
1953,Johnathan,M
1953,Johnathon,M
1953,Jonathan,M
1953,Jonathon,M
1953,Jonothan,M
1954,Johnathan,M
1954,Johnathon,M
1954,Johnthan,M
1954,Jonathan,F
1954,Jonathan,M
1954,Jonathen,M
1954,Jonathon,M
1954,Jonothan,M
1955,Joenathan,M
1955,Johnathan,M
1955,Johnathon,M
1955,Jonathan,F
1955,Jonathan,M
1955,Jonathen,M
1955,Jonathon,M
1955,Jonothan,M
1956,Joenathan,M
1956,Johnathan,M
1956,Johnathon,M
1956,Jonathan,F
1956,Jonathan,M
1956,Jonathen,M
1956,Jonathon,M
1956,Jonothan,M
1956,Jonthan,M
1957,Joenathan,M
1957,Johnathan,M
1957,Johnathon,M
1957,Jonathan,F
1957,Jonathan,M
1957,Jonathon,M
1957,Jonothan,M
1958,Johnathan,M
1958,Johnathon,M
1958,Jonathan,F
1958,Jonathan,M
1958,Jonathon,M
1958,Jonothan,M
1959,Joenathan,M
1959,Johnathan,M
1959,Johnathon,M
1959,Jonathan,F
1959,Jonathan,M
1959,Jonathon,M
1959,Jonothan,M
1960,Johnathan,M
1960,Johnathon,M
1960,Johnthan,M
1960,Jonathan,F
1960,Jonathan,M
1960,Jonathon,M
1960,Jonothan,M
1961,Joenathan,M
1961,Johnathan,M
1961,Johnathon,M
1961,Jonathan,F
1961,Jonathan,M
1961,Jonathen,M
1961,Jonathon,M
1961,Jonthan,M
1962,Janathan,M
1962,Joenathan,M
1962,Johnathan,M
1962,Johnathon,M
1962,Johnthan,M
1962,Jonathan,F
1962,Jonathan,M
1962,Jonathen,M
1962,Jonathon,M
1962,Jonothan,M
1962,Jonthan,M
1963,Joenathan,M
1963,Johnathan,M
1963,Johnathon,M
1963,Johnthan,M
1963,Jonathan,F
1963,Jonathan,M
1963,Jonathon,M
1963,Jonothan,M
1963,Jonthan,M
1964,Joanthan,M
1964,Johnathan,M
1964,Johnathon,M
1964,Johnthan,M
1964,Jonathan,F
1964,Jonathan,M
1964,Jonathen,M
1964,Jonathon,M
1964,Jonothan,M
1964,Jonthan,M
1965,Joenathan,M
1965,Johnathan,M
1965,Johnathon,M
1965,Johnthan,M
1965,Jonathan,F
1965,Jonathan,M
1965,Jonathen,M
1965,Jonathon,M
1965,Jonothan,M
1965,Jonthan,M
1966,Johnathan,M
1966,Johnathen,M
1966,Johnathon,M
1966,Johnaton,M
1966,Johnthan,M
1966,Jonathan,F
1966,Jonathan,M
1966,Jonathon,M
1966,Jonothan,M
1966,Jonthan,M
1967,Joanthan,M
1967,Joenathan,M
1967,Johanthan,M
1967,Johnathan,M
1967,Johnathon,M
1967,Jonathan,F
1967,Jonathan,M
1967,Jonathen,M
1967,Jonathon,M
1967,Jonothan,M
1967,Jonthan,M
1968,Joenathan,M
1968,Johnathan,M
1968,Johnathon,M
1968,Johnthan,M
1968,Jonathan,F
1968,Jonathan,M
1968,Jonathen,M
1968,Jonathon,M
1968,Jonnathan,M
1968,Jonothan,M
1968,Jonthan,M
1969,Johnathan,F
1969,Johnathan,M
1969,Johnathon,M
1969,Johnthan,M
1969,Jonathan,F
1969,Jonathan,M
1969,Jonathen,M
1969,Jonathon,M
1969,Jonothan,M
1969,Jonthan,M
1970,Joanthan,M
1970,Johnathan,M
1970,Johnathen,M
1970,Johnathon,M
1970,Johnaton,M
1970,Johnthan,M
1970,Jonathan,F
1970,Jonathan,M
1970,Jonathen,M
1970,Jonathon,M
1970,Jonnathan,M
1970,Jonothan,M
1970,Jonthan,M
1971,Joanthan,M
1971,Joenathan,M
1971,Johnathan,F
1971,Johnathan,M
1971,Johnathen,M
1971,Johnathon,M
1971,Johnthan,M
1971,Jonatan,M
1971,Jonathan,F
1971,Jonathan,M
1971,Jonathen,M
1971,Jonathon,M
1971,Jonnathan,M
1971,Jonothan,M
1971,Jonthan,M
1972,Joanthan,M
1972,Johnathan,M
1972,Johnathen,M
1972,Johnathon,M
1972,Johnothan,M
1972,Johnthan,M
1972,Johnthomas,M
1972,Jonathan,F
1972,Jonathan,M
1972,Jonathen,M
1972,Jonathon,M
1972,Jonithan,M
1972,Jonnathan,M
1972,Jonothan,M
1972,Jonthan,M
1973,Jhonathan,M
1973,Joanthan,M
1973,Joenathan,M
1973,Johnathan,F
1973,Johnathan,M
1973,Johnathon,M
1973,Johnthan,M
1973,Johnthomas,M
1973,Jonathan,F
1973,Jonathan,M
1973,Jonathen,M
1973,Jonathon,M
1973,Jonnathan,M
1973,Jonothan,M
1973,Jonthan,M
1974,Jamond,M
1974,Joanthan,M
1974,Joenathan,M
1974,Johnathan,F
1974,Johnathan,M
1974,Johnathen,M
1974,Johnathon,M
1974,Johnthan,M
1974,Johnthomas,M
1974,Jonathan,F
1974,Jonathan,M
1974,Jonathen,M
1974,Jonathon,M
1974,Jonnathan,M
1974,Jonothan,M
1974,Jonthan,M
1975,Jamond,M
1975,Joanthan,M
1975,Joenathan,M
1975,Johnathan,F
1975,Johnathan,M
1975,Johnathen,M
1975,Johnathon,M
1975,Johnothan,M
1975,Johnthan,M
1975,Johnthomas,M
1975,Jonanthan,M
1975,Jonatan,M
1975,Jonathan,F
1975,Jonathan,M
1975,Jonathen,M
1975,Jonathon,F
1975,Jonathon,M
1975,Jonothan,M
1975,Jonthan,M
1976,Jamond,M
1976,Janathan,M
1976,Joanthan,M
1976,Johnathan,F
1976,Johnathan,M
1976,Johnathen,M
1976,Johnathon,M
1976,Johnaton,M
1976,Johnthan,M
1976,Johnthomas,M
1976,Jonathan,F
1976,Jonathan,M
1976,Jonathen,M
1976,Jonathon,M
1976,Jonnathan,M
1976,Jonothan,M
1976,Jonthan,M
1977,Jamond,M
1977,Jamont,M
1977,Joanathan,M
1977,Joanthan,M
1977,Johnathan,F
1977,Johnathan,M
1977,Johnathen,M
1977,Johnathon,M
1977,Johnaton,M
1977,Johnnathan,M
1977,Johnthan,M
1977,Jonahtan,M
1977,Jonanthan,M
1977,Jonathan,F
1977,Jonathan,M
1977,Jonathen,M
1977,Jonathon,M
1977,Jonnathan,M
1977,Jonothan,M
1977,Jonothon,M
1977,Jonthan,M
1977,Jonthomas,M
1977,Juanantonio,M
1978,Jamond,M
1978,Janathan,M
1978,Joanthan,M
1978,Joenathan,M
1978,Johanthan,M
1978,Johnanthony,M
1978,Johnathan,F
1978,Johnathan,M
1978,Johnathen,M
1978,Johnathon,M
1978,Johnaton,M
1978,Johnthan,M
1978,Johnthomas,M
1978,Jonatan,M
1978,Jonathan,F
1978,Jonathan,M
1978,Jonathen,M
1978,Jonathon,F
1978,Jonathon,M
1978,Jonnathan,M
1978,Jonothan,M
1978,Jonthan,M
1979,Jamond,M
1979,Joanthan,M
1979,Johnanthony,M
1979,Johnathan,F
1979,Johnathan,M
1979,Johnathen,M
1979,Johnathon,M
1979,Johnnathan,M
1979,Johnthan,M
1979,Johnthomas,M
1979,Jonahtan,M
1979,Jonatan,M
1979,Jonathan,F
1979,Jonathan,M
1979,Jonathen,M
1979,Jonathon,F
1979,Jonathon,M
1979,Jonnathan,M
1979,Jonothan,M
1979,Jonthan,M
1980,Jamond,M
1980,Janathan,M
1980,Janthony,M
1980,Jemond,M
1980,Joanthan,M
1980,Joenathan,M
1980,Johnathan,F
1980,Johnathan,M
1980,Johnathen,M
1980,Johnathon,M
1980,Johnnathan,M
1980,Johnnathon,M
1980,Johnthan,M
1980,Johnthomas,M
1980,Jonahtan,M
1980,Jonatan,M
1980,Jonathan,F
1980,Jonathan,M
1980,Jonathen,M
1980,Jonathon,F
1980,Jonathon,M
1980,Jonnathan,M
1980,Jonothan,M
1980,Jonthan,M
1980,Juanantonio,M
1981,Jamond,M
1981,Jamonte,M
1981,Janathan,M
1981,Joanthan,M
1981,Joenathan,M
1981,Johanthan,M
1981,Johnanthony,M
1981,Johnatan,M
1981,Johnathan,F
1981,Johnathan,M
1981,Johnathen,M
1981,Johnathon,M
1981,Johnaton,M
1981,Johnnathan,M
1981,Johnthan,M
1981,Johnthomas,M
1981,Jonahtan,M
1981,Jonatan,M
1981,Jonatham,M
1981,Jonathan,F
1981,Jonathan,M
1981,Jonathen,M
1981,Jonathn,M
1981,Jonathon,F
1981,Jonathon,M
1981,Jonnathan,M
1981,Jonothan,M
1981,Jonothon,M
1981,Jonthan,M
1982,Jamond,M
1982,Janathan,M
1982,Joanathan,M
1982,Joanthan,M
1982,Joeanthony,M
1982,Johanthan,M
1982,Johnathan,F
1982,Johnathan,M
1982,Johnathen,M
1982,Johnathon,F
1982,Johnathon,M
1982,Johnaton,M
1982,Johnnathan,M
1982,Johnthan,M
1982,Johnthomas,M
1982,Jonahtan,M
1982,Jonanthan,M
1982,Jonatan,M
1982,Jonatham,M
1982,Jonathan,F
1982,Jonathan,M
1982,Jonathaon,M
1982,Jonathen,M
1982,Jonathn,M
1982,Jonathon,F
1982,Jonathon,M
1982,Jonnathan,M
1982,Jonothan,M
1982,Jonthan,M
1983,Jamond,M
1983,Jamonte,M
1983,Janathan,M
1983,Jhonathan,M
1983,Joanathan,M
1983,Joanthan,M
1983,Johnanthony,M
1983,Johnatan,M
1983,Johnathan,F
1983,Johnathan,M
1983,Johnathen,M
1983,Johnathon,F
1983,Johnathon,M
1983,Johnaton,M
1983,Johndaniel,M
1983,Johnthan,M
1983,Johnthomas,M
1983,Jonahtan,M
1983,Jonanthan,M
1983,Jonanthony,M
1983,Jonatan,M
1983,Jonathan,F
1983,Jonathan,M
1983,Jonathen,M
1983,Jonathon,F
1983,Jonathon,M
1983,Jonnathan,M
1983,Jonothan,M
1983,Jonthan,M
1983,Juanantonio,M
1984,Jamond,M
1984,Jamonte,M
1984,Janathan,M
1984,Jhonathan,M
1984,Joanathan,M
1984,Joanthan,M
1984,Joenathan,M
1984,Johanthan,M
1984,Johnanthony,M
1984,Johnatan,M
1984,Johnathan,F
1984,Johnathan,M
1984,Johnathen,M
1984,Johnathin,M
1984,Johnathon,F
1984,Johnathon,M
1984,Johnaton,M
1984,Johnnathan,M
1984,Johnothan,M
1984,Johnthan,M
1984,Johnthomas,M
1984,Jonahtan,M
1984,Jonanthan,M
1984,Jonatan,M
1984,Jonathan,F
1984,Jonathan,M
1984,Jonathen,M
1984,Jonathin,M
1984,Jonathn,M
1984,Jonathon,F
1984,Jonathon,M
1984,Jonnathan,M
1984,Jonnathon,M
1984,Jonothan,M
1984,Jonthan,M
1985,Jamond,M
1985,Jamonte,M
1985,Janathan,M
1985,Jhonathan,M
1985,Joanathan,M
1985,Joanthan,M
1985,Joeanthony,M
1985,Joenathan,M
1985,Johanthan,M
1985,Johnadam,M
1985,Johnanthan,M
1985,Johnanthony,M
1985,Johnatan,M
1985,Johnathan,F
1985,Johnathan,M
1985,Johnathen,M
1985,Johnathn,M
1985,Johnathon,F
1985,Johnathon,M
1985,Johnaton,M
1985,Johndaniel,M
1985,Johnnathan,M
1985,Johnthan,M
1985,Johnthomas,M
1985,Jonahtan,M
1985,Jonatan,M
1985,Jonathan,F
1985,Jonathan,M
1985,Jonathandavid,M
1985,Jonathen,M
1985,Jonathon,F
1985,Jonathon,M
1985,Jonnathan,M
1985,Jonothan,M
1985,Jonthan,M
1985,Juanantonio,M
1986,Jamond,M
1986,Jamonte,M
1986,Janathan,M
1986,Jhonatan,M
1986,Jhonathan,M
1986,Jhonathon,M
1986,Joanathan,M
1986,Joanthan,M
1986,Joeanthony,M
1986,Joenathan,M
1986,Johanthan,M
1986,Johnandrew,M
1986,Johnanthony,M
1986,Johnatan,M
1986,Johnathan,F
1986,Johnathan,M
1986,Johnathen,M
1986,Johnathon,F
1986,Johnathon,M
1986,Johnaton,M
1986,Johnnathan,M
1986,Johnothan,M
1986,Johnthan,M
1986,Johnthomas,M
1986,Johnthon,M
1986,Jonahtan,M
1986,Jonanthan,M
1986,Jonatan,M
1986,Jonatham,M
1986,Jonathan,F
1986,Jonathan,M
1986,Jonathandavid,M
1986,Jonathanjames,M
1986,Jonathen,M
1986,Jonathon,F
1986,Jonathon,M
1986,Jonhathan,M
1986,Jonnathan,M
1986,Jonothan,M
1986,Jonothon,M
1986,Jonthan,M
1987,Jamantha,F
1987,Jamond,M
1987,Jamont,M
1987,Jamonte,M
1987,Janathan,M
1987,Janthony,M
1987,Jhonathan,M
1987,Joanathan,M
1987,Joanthan,M
1987,Joeanthony,M
1987,Johanthan,M
1987,Johnandrew,M
1987,Johnanthony,M
1987,Johnatan,M
1987,Johnathan,F
1987,Johnathan,M
1987,Johnathen,M
1987,Johnathin,M
1987,Johnathn,M
1987,Johnathon,F
1987,Johnathon,M
1987,Johnaton,M
1987,Johnattan,M
1987,Johnthan,M
1987,Johnthomas,M
1987,Jonahtan,M
1987,Jonatan,M
1987,Jonatham,M
1987,Jonathan,F
1987,Jonathan,M
1987,Jonathandavid,M
1987,Jonathen,M
1987,Jonathon,F
1987,Jonathon,M
1987,Jonattan,M
1987,Jonatthan,M
1987,Jonnathan,M
1987,Jonothan,M
1987,Jonthan,M
1987,Juanantonio,M
1988,Jamond,M
1988,Jamonte,M
1988,Janathan,M
1988,Jhonathan,M
1988,Joanathan,M
1988,Joanthan,M
1988,Joanthon,M
1988,Joeanthony,M
1988,Johanthan,M
1988,Johnandrew,M
1988,Johnanthony,M
1988,Johnathan,F
1988,Johnathan,M
1988,Johnathen,M
1988,Johnathin,M
1988,Johnathon,M
1988,Johnaton,M
1988,Johnnathan,M
1988,Johnthan,M
1988,Johnthomas,M
1988,Jonahtan,M
1988,Jonanthan,M
1988,Jonanthony,M
1988,Jonatan,M
1988,Jonathan,F
1988,Jonathan,M
1988,Jonathen,M
1988,Jonathin,M
1988,Jonathn,M
1988,Jonathna,M
1988,Jonathon,F
1988,Jonathon,M
1988,Jonnathan,M
1988,Jonothan,M
1988,Jonthan,M
1988,Juanantonio,M
1989,Jamanda,F
1989,Jamond,M
1989,Jamonte,M
1989,Janathan,M
1989,Jaymond,M
1989,Jhonatan,M
1989,Jhonathan,M
1989,Joanathan,M
1989,Joanthan,M
1989,Joeanthony,M
1989,Johanthan,M
1989,Johnanthony,M
1989,Johnatan,M
1989,Johnathan,F
1989,Johnathan,M
1989,Johnathen,M
1989,Johnathin,M
1989,Johnathon,F
1989,Johnathon,M
1989,Johnaton,M
1989,Johnattan,M
1989,Johnnathan,M
1989,Johnothan,M
1989,Johnthan,M
1989,Jonahtan,M
1989,Jonanthan,M
1989,Jonanthony,M
1989,Jonatan,M
1989,Jonathan,F
1989,Jonathan,M
1989,Jonathandavid,M
1989,Jonathen,M
1989,Jonathin,M
1989,Jonathon,F
1989,Jonathon,M
1989,Jonathyn,M
1989,Jonnathan,M
1989,Jonothan,M
1989,Jonthan,M
1989,Jonthomas,M
1989,Juanantonio,M
1990,Jamanda,F
1990,Jamond,M
1990,Jamont,M
1990,Jamonte,M
1990,Janathan,M
1990,Jhonatan,M
1990,Jhonathan,M
1990,Joanathan,M
1990,Joanthan,M
1990,Joeanthony,M
1990,Joenathan,M
1990,Johanthan,M
1990,Johnanthony,M
1990,Johnatan,M
1990,Johnathan,F
1990,Johnathan,M
1990,Johnathen,M
1990,Johnathin,M
1990,Johnathn,M
1990,Johnathon,M
1990,Johnaton,M
1990,Johnattan,M
1990,Johnnathan,M
1990,Johnothan,M
1990,Johnthan,M
1990,Johnthomas,M
1990,Jonahtan,M
1990,Jonanthan,M
1990,Jonanthony,M
1990,Jonatan,M
1990,Jonathan,F
1990,Jonathan,M
1990,Jonathandavid,M
1990,Jonathen,M
1990,Jonathon,F
1990,Jonathon,M
1990,Jonattan,M
1990,Jonnathan,M
1990,Jonnathon,M
1990,Jonothan,M
1990,Jonothon,M
1990,Jonthan,M
1990,Juanantonio,M
1991,Jamanda,F
1991,Jamond,M
1991,Jamont,M
1991,Jamonta,M
1991,Jamonte,M
1991,Janathan,M
1991,Jhonatan,M
1991,Jhonathan,M
1991,Joanathan,M
1991,Joanthan,M
1991,Joanthony,M
1991,Johanthan,M
1991,Johnanthony,M
1991,Johnatan,M
1991,Johnathan,F
1991,Johnathan,M
1991,Johnathen,M
1991,Johnathin,M
1991,Johnathon,M
1991,Johnaton,M
1991,Johnattan,M
1991,Johnnathan,M
1991,Johnthan,M
1991,Johnthomas,M
1991,Jomanda,F
1991,Jonahtan,M
1991,Jonatan,M
1991,Jonathan,F
1991,Jonathan,M
1991,Jonathen,M
1991,Jonathin,M
1991,Jonathon,F
1991,Jonathon,M
1991,Jonathyn,M
1991,Jonnathan,M
1991,Jonnathon,M
1991,Jonothan,M
1991,Jonothon,M
1991,Jonthan,M
1991,Juanantonio,M
1992,Jamanda,F
1992,Jamond,M
1992,Jamont,M
1992,Jamonte,M
1992,Janathan,M
1992,Jhonatan,M
1992,Jhonathan,M
1992,Jhonathon,M
1992,Joanathan,M
1992,Joanthan,M
1992,Joeanthony,M
1992,Johnanthony,M
1992,Johnatan,M
1992,Johnathan,M
1992,Johnathen,M
1992,Johnathin,M
1992,Johnathn,M
1992,Johnathon,M
1992,Johnaton,M
1992,Johnattan,M
1992,Johndaniel,M
1992,Johnnathan,M
1992,Johnothan,M
1992,Johnthan,M
1992,Johnthomas,M
1992,Jomanda,F
1992,Jonahtan,M
1992,Jonanthony,M
1992,Jonatan,M
1992,Jonathan,F
1992,Jonathan,M
1992,Jonathen,M
1992,Jonathon,F
1992,Jonathon,M
1992,Jonattan,M
1992,Jonatthan,M
1992,Jonhatan,M
1992,Jonithan,M
1992,Jonnathan,M
1992,Jonnathon,M
1992,Jonothan,M
1992,Jonthan,M
1992,Jonthomas,M
1992,Juanantonio,M
1993,Jamanda,F
1993,Jamond,M
1993,Jamonta,M
1993,Jamontae,M
1993,Jamonte,M
1993,Janathan,M
1993,Jhonatan,M
1993,Jhonathan,M
1993,Joanthan,M
1993,Joeanthony,M
1993,Johnanthony,M
1993,Johnatan,M
1993,Johnathan,F
1993,Johnathan,M
1993,Johnathen,M
1993,Johnathin,M
1993,Johnathon,M
1993,Johnaton,M
1993,Johndaniel,M
1993,Johnnathan,M
1993,Johnthan,M
1993,Johnthomas,M
1993,Jomanda,F
1993,Jonanthony,M
1993,Jonatan,M
1993,Jonathan,F
1993,Jonathan,M
1993,Jonathanmichael,M
1993,Jonathen,M
1993,Jonathin,M
1993,Jonathon,F
1993,Jonathon,M
1993,Jonathyn,M
1993,Jonhatan,M
1993,Jonnathan,M
1993,Jonnathon,M
1993,Jonothan,M
1993,Jonthan,M
1993,Juanantonio,M
1994,Jamanda,F
1994,Jamond,M
1994,Jamontae,M
1994,Jamonte,M
1994,Janathan,M
1994,Jhonatan,M
1994,Jhonathan,M
1994,Joanthan,M
1994,Joeanthony,M
1994,Johnanthony,M
1994,Johnatan,M
1994,Johnathan,F
1994,Johnathan,M
1994,Johnathen,M
1994,Johnathin,M
1994,Johnathn,M
1994,Johnathon,M
1994,Johnaton,M
1994,Johnattan,M
1994,Johnnathan,M
1994,Johnnathon,M
1994,Johnothan,M
1994,Johnthan,M
1994,Johnthomas,M
1994,Jomanda,F
1994,Jonahtan,M
1994,Jonanthan,M
1994,Jonanthony,M
1994,Jonatan,M
1994,Jonathan,F
1994,Jonathan,M
1994,Jonathen,M
1994,Jonathin,M
1994,Jonathon,F
1994,Jonathon,M
1994,Jonathyn,M
1994,Jonattan,M
1994,Jonethan,M
1994,Jonnathan,M
1994,Jonnathon,M
1994,Jonothan,M
1994,Jonthan,M
1994,Juanantonio,M
1994,Juandaniel,M
1995,Jamond,M
1995,Jamontae,M
1995,Jamonte,M
1995,Janathan,M
1995,Jhonatan,M
1995,Jhonathan,M
1995,Joanthan,M
1995,Joeanthony,M
1995,Johnandrew,M
1995,Johnanthony,M
1995,Johnatan,M
1995,Johnathan,F
1995,Johnathan,M
1995,Johnathen,M
1995,Johnathin,M
1995,Johnathon,M
1995,Johnnathan,M
1995,Johnothan,M
1995,Johnthan,M
1995,Johnthomas,M
1995,Jonatan,M
1995,Jonathan,F
1995,Jonathan,M
1995,Jonathanmichael,M
1995,Jonathen,M
1995,Jonathon,F
1995,Jonathon,M
1995,Jonathyn,M
1995,Jonnatan,M
1995,Jonnathan,M
1995,Jonothan,M
1995,Jonothon,M
1995,Jonthan,M
1995,Juanantonio,M
1996,Jamond,M
1996,Jamonta,M
1996,Jamontae,M
1996,Jamonte,M
1996,Janathan,M
1996,Jhonatan,M
1996,Jhonathan,M
1996,Jhonathon,M
1996,Jhonattan,M
1996,Joeanthony,M
1996,Johnanthony,M
1996,Johnatan,M
1996,Johnathan,F
1996,Johnathan,M
1996,Johnathen,M
1996,Johnathin,M
1996,Johnathn,M
1996,Johnathon,M
1996,Johnaton,M
1996,Johnattan,M
1996,Johnnathan,M
1996,Johnothan,M
1996,Johnthan,M
1996,Johnthomas,M
1996,Jonanthony,M
1996,Jonatan,M
1996,Jonathan,F
1996,Jonathan,M
1996,Jonathandavid,M
1996,Jonathanmichael,M
1996,Jonathen,M
1996,Jonathon,F
1996,Jonathon,M
1996,Jonathyn,M
1996,Jonaton,M
1996,Jonhatan,M
1996,Jonnathan,M
1996,Jonothan,M
1996,Jonthan,M
1996,Jonthomas,M
1996,Juanantonio,M
1996,Juandaniel,M
1997,Jamond,M
1997,Jamonta,M
1997,Jamonte,M
1997,Janathan,M
1997,Jaymond,M
1997,Jhonatan,M
1997,Jhonathan,M
1997,Jhonathon,M
1997,Joeanthony,M
1997,Joenathan,M
1997,Johnandrew,M
1997,Johnanthony,M
1997,Johnatan,M
1997,Johnathan,F
1997,Johnathan,M
1997,Johnathen,M
1997,Johnathin,M
1997,Johnathon,F
1997,Johnathon,M
1997,Johnaton,M
1997,Johnattan,M
1997,Johnnathan,M
1997,Johnothan,M
1997,Johnthan,M
1997,Johnthomas,M
1997,Jonahtan,M
1997,Jonatan,M
1997,Jonathan,F
1997,Jonathan,M
1997,Jonathandavid,M
1997,Jonathen,M
1997,Jonathin,M
1997,Jonathon,F
1997,Jonathon,M
1997,Jonathyn,M
1997,Jonhatan,M
1997,Jonithan,M
1997,Jonnathan,M
1997,Jonothan,M
1997,Jonthan,M
1997,Jonthomas,M
1997,Juanantonio,M
1997,Juandaniel,M
1998,Jamond,M
1998,Jamont,M
1998,Jamontae,M
1998,Jamonte,M
1998,Janathan,M
1998,Janathean,M
1998,Janthony,M
1998,Jaymond,M
1998,Jhonatan,M
1998,Jhonathan,M
1998,Jhonathon,M
1998,Joanthony,M
1998,Joeanthony,M
1998,Joenathan,M
1998,Johnanthony,M
1998,Johnatan,M
1998,Johnathan,M
1998,Johnathen,M
1998,Johnathin,M
1998,Johnathon,M
1998,Johnathyn,M
1998,Johnaton,M
1998,Johnattan,M
1998,Johnethan,M
1998,Johnnathan,M
1998,Johnothan,M
1998,Johnthan,M
1998,Johnthomas,M
1998,Jonanthony,M
1998,Jonatan,M
1998,Jonathan,F
1998,Jonathan,M
1998,Jonathanjoseph,M
1998,Jonathen,M
1998,Jonathin,M
1998,Jonathon,M
1998,Jonathyn,M
1998,Jonattan,M
1998,Jonnatan,M
1998,Jonnathan,M
1998,Jonothan,M
1998,Jonthan,M
1998,Juanandres,M
1998,Juanantonio,M
1998,Juandaniel,M
1998,Junathaen,M
1998,Junathean,M
1999,Jamond,M
1999,Jamont,M
1999,Jamontae,M
1999,Jamonte,M
1999,Jamontez,M
1999,Janathan,M
1999,Jaymond,M
1999,Jhonatan,M
1999,Jhonathan,M
1999,Joeanthony,M
1999,Johnanthony,M
1999,Johnatan,M
1999,Johnathan,F
1999,Johnathan,M
1999,Johnathen,M
1999,Johnathon,M
1999,Johnaton,M
1999,Johndaniel,M
1999,Johnethan,M
1999,Johnnathan,M
1999,Johnthan,M
1999,Johnthomas,M
1999,Jonanthony,M
1999,Jonatan,M
1999,Jonathan,F
1999,Jonathan,M
1999,Jonathen,M
1999,Jonathon,M
1999,Jonathyn,M
1999,Jonethan,M
1999,Jonethen,M
1999,Jonnatan,M
1999,Jonnathan,M
1999,Jonnathon,M
1999,Jonothan,M
1999,Jonthan,M
1999,Juanantonio,M
1999,Juandaniel,M
2000,Jamond,M
2000,Jamonta,M
2000,Jamontae,M
2000,Jamonte,M
2000,Janathan,M
2000,Jaymond,M
2000,Jhonatan,M
2000,Jhonathan,M
2000,Joanthony,M
2000,Joeanthony,M
2000,Joenathan,M
2000,Johnanthony,M
2000,Johnatan,M
2000,Johnathan,M
2000,Johnathen,M
2000,Johnathin,M
2000,Johnathon,M
2000,Johnattan,M
2000,Johndaniel,M
2000,Johnethan,M
2000,Johnnathan,M
2000,Johnothan,M
2000,Johnthan,M
2000,Johnthomas,M
2000,Jonahtan,M
2000,Jonanthony,M
2000,Jonatan,M
2000,Jonathan,F
2000,Jonathan,M
2000,Jonathandavid,M
2000,Jonathanmichael,M
2000,Jonathen,M
2000,Jonathin,M
2000,Jonathon,F
2000,Jonathon,M
2000,Jonathyn,M
2000,Jonhatan,M
2000,Jonnathan,M
2000,Jonothan,M
2000,Jonthan,M
2000,Juanandres,M
2000,Juanantonio,M
2000,Juandaniel,M
2001,Jamond,M
2001,Jamontae,M
2001,Jamonte,M
2001,Janathan,M
2001,Jhonatan,M
2001,Jhonathan,M
2001,Joeanthony,M
2001,Joenathan,M
2001,Johnanthony,M
2001,Johnatan,M
2001,Johnathan,F
2001,Johnathan,M
2001,Johnathen,M
2001,Johnathin,M
2001,Johnathon,M
2001,Johnathyn,M
2001,Johnaton,M
2001,Johndaniel,M
2001,Johnnathan,M
2001,Johnothan,M
2001,Johnthan,M
2001,Johnthomas,M
2001,Jonanthony,M
2001,Jonatan,M
2001,Jonathan,F
2001,Jonathan,M
2001,Jonathen,M
2001,Jonathin,M
2001,Jonathon,M
2001,Jonathyn,M
2001,Jonhatan,M
2001,Jonithan,M
2001,Jonnatan,M
2001,Jonnathan,M
2001,Jonnathon,M
2001,Jonothan,M
2001,Jonothon,M
2001,Jonthan,M
2001,Juanantonio,M
2001,Juandaniel,M
2002,Jamond,M
2002,Jamont,M
2002,Jamonta,M
2002,Jamontae,M
2002,Jamonte,M
2002,Janathan,M
2002,Jaymond,M
2002,Jhonatan,M
2002,Jhonathan,M
2002,Joanthony,M
2002,Joeanthony,M
2002,Johnanthony,M
2002,Johnatan,M
2002,Johnathan,F
2002,Johnathan,M
2002,Johnathen,M
2002,Johnathin,M
2002,Johnathon,M
2002,Johnaton,M
2002,Johnattan,M
2002,Johndaniel,M
2002,Johnnathan,M
2002,Johnthan,M
2002,Johnthomas,M
2002,Jonanthony,M
2002,Jonatan,M
2002,Jonathan,F
2002,Jonathan,M
2002,Jonathen,M
2002,Jonathin,M
2002,Jonathon,M
2002,Jonathyn,M
2002,Jonattan,M
2002,Jonhatan,M
2002,Jonnatan,M
2002,Jonnathan,M
2002,Jonothan,M
2002,Jonthan,M
2002,Jonthomas,M
2002,Juanantonio,M
2002,Juandaniel,M
2003,Jahnathan,M
2003,Jamond,M
2003,Jamonta,M
2003,Jamontae,M
2003,Jamonte,M
2003,Janathan,M
2003,Jaymond,M
2003,Jhonatan,M
2003,Jhonathan,M
2003,Jhonnatan,M
2003,Joanthony,M
2003,Joeanthony,M
2003,Joenathan,M
2003,Johnanthony,M
2003,Johnatan,M
2003,Johnathan,M
2003,Johnathen,M
2003,Johnathon,M
2003,Johnathyn,M
2003,Johnaton,M
2003,Johnnathan,M
2003,Johnothan,M
2003,Johnthan,M
2003,Johnthomas,M
2003,Jonanthony,M
2003,Jonatan,M
2003,Jonathan,F
2003,Jonathan,M
2003,Jonathandavid,M
2003,Jonathen,M
2003,Jonathin,M
2003,Jonathon,M
2003,Jonathyn,M
2003,Jonnatan,M
2003,Jonnathan,M
2003,Jonothan,M
2003,Jonthan,M
2003,Jonthomas,M
2003,Juanantonio,M
2003,Juandaniel,M
2004,Jamond,M
2004,Jamont,M
2004,Jamonta,M
2004,Jamontae,M
2004,Jamonte,M
2004,Janathan,M
2004,Jayanthony,M
2004,Jaymond,M
2004,Jhonatan,M
2004,Jhonathan,M
2004,Joeanthony,M
2004,Johnandrew,M
2004,Johnanthony,M
2004,Johnatan,M
2004,Johnathan,F
2004,Johnathan,M
2004,Johnathen,M
2004,Johnathin,M
2004,Johnathon,F
2004,Johnathon,M
2004,Johnaton,M
2004,Johnnathan,M
2004,Johnothan,M
2004,Johnthan,M
2004,Johnthomas,M
2004,Jonanthony,M
2004,Jonatan,M
2004,Jonathan,F
2004,Jonathan,M
2004,Jonathandavid,M
2004,Jonathen,M
2004,Jonathin,M
2004,Jonathon,F
2004,Jonathon,M
2004,Jonnatan,M
2004,Jonnathan,M
2004,Jonothan,M
2004,Jonthan,M
2004,Juanandres,M
2004,Juanantonio,M
2004,Juandaniel,M
2005,Jamond,M
2005,Jamont,M
2005,Jamontae,M
2005,Jamontay,M
2005,Jamonte,M
2005,Janathan,M
2005,Janthony,M
2005,Jaymond,M
2005,Jhonatan,M
2005,Jhonathan,M
2005,Joanthony,M
2005,Joeanthony,M
2005,Joenathan,M
2005,Johnanthony,M
2005,Johnatan,M
2005,Johnathan,F
2005,Johnathan,M
2005,Johnathen,M
2005,Johnathin,M
2005,Johnathon,M
2005,Johnaton,M
2005,Johnattan,M
2005,Johnnathan,M
2005,Johnothan,M
2005,Johnthan,M
2005,Johnthomas,M
2005,Jonanthony,M
2005,Jonatan,M
2005,Jonathan,F
2005,Jonathan,M
2005,Jonathen,M
2005,Jonathon,M
2005,Jonathyn,M
2005,Jonaton,M
2005,Jonhatan,M
2005,Jonnathan,M
2005,Jonothan,M
2005,Jonthan,M
2005,Juanantonio,M
2006,Jamond,M
2006,Jamonta,M
2006,Jamontae,M
2006,Jamonte,M
2006,Janathan,M
2006,Janthony,M
2006,Jhonatan,M
2006,Jhonathan,M
2006,Joanthony,M
2006,Joeanthony,M
2006,Joenathan,M
2006,Johnanthony,M
2006,Johnatan,M
2006,Johnathan,M
2006,Johnathen,M
2006,Johnathin,M
2006,Johnathon,M
2006,Johnathyn,M
2006,Johnaton,M
2006,Johnattan,M
2006,Johnothan,M
2006,Johnthan,M
2006,Johnthomas,M
2006,Jonanthan,M
2006,Jonanthony,M
2006,Jonatan,M
2006,Jonathan,F
2006,Jonathan,M
2006,Jonathen,M
2006,Jonathon,M
2006,Jonathyn,M
2006,Jonattan,M
2006,Jonhatan,M
2006,Jonnatan,M
2006,Jonnathan,M
2006,Jonothan,M
2006,Jonthan,M
2006,Juanandres,M
2006,Juanantonio,M
2006,Juandaniel,M
2007,Jamond,M
2007,Jamont,M
2007,Jamonta,M
2007,Jamontae,M
2007,Jamonte,M
2007,Janathan,M
2007,Janthony,M
2007,Jhonatan,M
2007,Jhonathan,M
2007,Jhonnatan,M
2007,Joanthony,M
2007,Joeanthony,M
2007,Joenathan,M
2007,Johnanthony,M
2007,Johnatan,M
2007,Johnathan,F
2007,Johnathan,M
2007,Johnathen,M
2007,Johnathin,M
2007,Johnathon,M
2007,Johnathyn,M
2007,Johndaniel,M
2007,Johnnathan,M
2007,Johnthan,M
2007,Johnthomas,M
2007,Jonanthony,M
2007,Jonatan,M
2007,Jonathan,F
2007,Jonathan,M
2007,Jonathen,M
2007,Jonathin,M
2007,Jonathon,M
2007,Jonathyn,M
2007,Jonaton,M
2007,Jonethan,M
2007,Jonhatan,M
2007,Jonnathan,M
2007,Jonothan,M
2007,Jonthan,M
2007,Juanandres,M
2007,Juanantonio,M
2008,Jamond,M
2008,Jamont,M
2008,Jamonta,M
2008,Jamontae,M
2008,Jamonte,M
2008,Janathan,M
2008,Janthony,M
2008,Jayanthony,M
2008,Jaymond,M
2008,Jhonatan,M
2008,Jhonathan,M
2008,Joanthony,M
2008,Joeanthony,M
2008,Johnanthony,M
2008,Johnatan,M
2008,Johnathan,F
2008,Johnathan,M
2008,Johnathen,M
2008,Johnathin,M
2008,Johnathon,M
2008,Johnathyn,M
2008,Johnaton,M
2008,Johnattan,M
2008,Johnnathan,M
2008,Johnthan,M
2008,Johnthomas,M
2008,Jonanthony,M
2008,Jonatan,M
2008,Jonathan,F
2008,Jonathan,M
2008,Jonathen,M
2008,Jonathon,M
2008,Jonathyn,M
2008,Jonnathan,M
2008,Jonothan,M
2008,Jonthan,M
2008,Juanantonio,M
2009,Jamond,M
2009,Jamont,M
2009,Jamonta,M
2009,Jamontae,M
2009,Jamonte,M
2009,Janthony,M
2009,Jaymond,M
2009,Jhonatan,M
2009,Jhonathan,M
2009,Joanthony,M
2009,Joeanthony,M
2009,Johnandrew,M
2009,Johnanthan,M
2009,Johnanthony,M
2009,Johnatan,M
2009,Johnathan,M
2009,Johnathen,M
2009,Johnathin,M
2009,Johnathon,M
2009,Johnathyn,M
2009,Johnnathan,M
2009,Johnothan,M
2009,Johnthan,M
2009,Johnthomas,M
2009,Jonatan,M
2009,Jonathan,F
2009,Jonathan,M
2009,Jonathen,M
2009,Jonathin,M
2009,Jonathon,M
2009,Jonathyn,M
2009,Jonnatan,M
2009,Jonnathan,M
2009,Jonothan,M
2009,Jonthan,M
2009,Juanantonio,M
2009,Juandaniel,M
2010,Jamond,M
2010,Jamontae,M
2010,Jamonte,M
2010,Janthony,M
2010,Jayanthony,M
2010,Jaymond,M
2010,Jhonatan,M
2010,Jhonathan,M
2010,Joanthony,M
2010,Joeanthony,M
2010,Joenathan,M
2010,Johnanthony,M
2010,Johnatan,M
2010,Johnathan,M
2010,Johnathen,M
2010,Johnathin,M
2010,Johnathon,M
2010,Johnathyn,M
2010,Johnnathan,M
2010,Johnthan,M
2010,Johnthomas,M
2010,Jonanthony,M
2010,Jonatan,M
2010,Jonathan,F
2010,Jonathan,M
2010,Jonathen,M
2010,Jonathon,M
2010,Jonathyn,M
2010,Jonnatan,M
2010,Jonnathan,M
2010,Jonothan,M
2010,Juanantonio,M
2010,Juandaniel,M
2011,Jamond,M
2011,Jamontae,M
2011,Jamonte,M
2011,Janathan,M
2011,Janthony,M
2011,Jayanthony,M
2011,Jaymond,M
2011,Jhonatan,M
2011,Jhonathan,M
2011,Joeanthony,M
2011,Joenathan,M
2011,Johnanthony,M
2011,Johnatan,M
2011,Johnathan,M
2011,Johnathen,M
2011,Johnathon,M
2011,Johnathyn,M
2011,Johnthan,M
2011,Johnthomas,M
2011,Jonanthony,M
2011,Jonatan,M
2011,Jonathan,F
2011,Jonathan,M
2011,Jonathen,M
2011,Jonathon,M
2011,Jonathyn,M
2011,Jonethan,M
2011,Jonhatan,M
2011,Jonnathan,M
2011,Jonthan,M
2011,Juanantonio,M
2012,Jamond,M
2012,Jamontae,M
2012,Jamonte,M
2012,Janthony,M
2012,Jayanthony,M
2012,Jhonatan,M
2012,Jhonathan,M
2012,Joanthony,M
2012,Joeanthony,M
2012,Johnanthony,M
2012,Johnatan,M
2012,Johnathan,M
2012,Johnathen,M
2012,Johnathon,M
2012,Johnathyn,M
2012,Johndaniel,M
2012,Johnthomas,M
2012,Jonatan,M
2012,Jonathan,F
2012,Jonathan,M
2012,Jonathen,M
2012,Jonathon,M
2012,Jonathyn,M
2012,Jonnathan,M
2012,Jonothan,M
2012,Juanandres,M
2012,Juanantonio,M
2012,Juandaniel,M
2013,Jamontae,M
2013,Jamonte,M
2013,Janathan,M
2013,Janthony,M
2013,Jaymond,M
2013,Jhonatan,M
2013,Jhonathan,M
2013,Joanthony,M
2013,Joeanthony,M
2013,Johnanthony,M
2013,Johnatan,M
2013,Johnathan,M
2013,Johnathen,M
2013,Johnathon,M
2013,Johnathyn,M
2013,Johndaniel,M
2013,Johnnathan,M
2013,Johnthan,M
2013,Johnthomas,M
2013,Jonanthony,M
2013,Jonatan,M
2013,Jonathan,F
2013,Jonathan,M
2013,Jonathanjames,M
2013,Jonathen,M
2013,Jonathin,M
2013,Jonathon,M
2013,Jonathyn,M
2013,Jonnathan,M
2013,Jonthan,M
2013,Juanantonio,M
2013,Juandaniel,M
2014,Jamont,M
2014,Jamonte,M
2014,Janthony,M
2014,Jayanthony,M
2014,Jhonatan,M
2014,Jhonathan,M
2014,Joanthony,M
2014,Joeanthony,M
2014,Johnanthony,M
2014,Johnatan,M
2014,Johnathan,M
2014,Johnathen,M
2014,Johnathon,M
2014,Johndaniel,M
2014,Johnthomas,M
2014,Jonatan,M
2014,Jonathan,F
2014,Jonathan,M
2014,Jonathen,M
2014,Jonathon,M
2014,Jonnathan,M
2014,Jonothan,M
2014,Juanandres,M
2014,Juanantonio,M
2014,Juandaniel,M
2015,Jamond,M
2015,Jamonte,M
2015,Janthony,M
2015,Jaymond,M
2015,Jhonatan,M
2015,Jhonathan,M
2015,Joeanthony,M
2015,Johnanthony,M
2015,Johnathan,M
2015,Johnathen,M
2015,Johnathon,M
2015,Johnathyn,M
2015,Johndaniel,M
2015,Johnthomas,M
2015,Jonatan,M
2015,Jonathan,F
2015,Jonathan,M
2015,Jonathen,M
2015,Jonathon,M
2015,Jonathyn,M
2015,Jonnathan,M
2015,Jonothan,M
2016,Jamond,M
2016,Jamontae,M
2016,Jamonte,M
2016,Janthony,M
2016,Jhonatan,M
2016,Jhonathan,M
2016,Joanthony,M
2016,Johnanthony,M
2016,Johnatan,M
2016,Johnathan,M
2016,Johnathen,M
2016,Johnathon,M
2016,Johndaniel,M
2016,Johnthomas,M
2016,Jonatan,M
2016,Jonathan,F
2016,Jonathan,M
2016,Jonathandavid,M
2016,Jonathen,M
2016,Jonathon,M
2016,Jonathyn,M
2016,Jonnathan,M
2017,Jamond,M
2017,Jamontae,M
2017,Jamonte,M
2017,Janthony,M
2017,Jhonatan,M
2017,Jhonathan,M
2017,Joanthony,M
2017,Joenathan,M
2017,Johnanthony,M
2017,Johnatan,M
2017,Johnathan,M
2017,Johnathen,M
2017,Johnathon,M
2017,Johndaniel,M
2017,Johnthomas,M
2017,Jonatan,M
2017,Jonathan,F
2017,Jonathan,M
2017,Jonathen,M
2017,Jonathon,M
2017,Jonnathan,M
2018,Jamonte,M
2018,Janthony,M
2018,Jhonatan,M
2018,Jhonathan,M
2018,Joanthony,M
2018,Johnanthony,M
2018,Johnathan,M
2018,Johnathen,M
2018,Johnathon,M
2018,Johndaniel,M
2018,Johnothan,M
2018,Johnthomas,M
2018,Jonatan,M
2018,Jonathan,F
2018,Jonathan,M
2018,Jonathen,M
2018,Jonathon,M
2018,Jonnathan,M
2018,Juanandres,M
2018,Juanantonio,M
2019,Jamond,M
2019,Jamonte,M
2019,Janthony,M
2019,Jhonatan,M
2019,Jhonathan,M
2019,Johnanthony,M
2019,Johnathan,M
2019,Johnathon,M
2019,Johnnathan,M
2019,Johnthomas,M
2019,Jonatan,M
2019,Jonathan,F
2019,Jonathan,M
2019,Jonathon,M
2019,Jonnathan,M
2020,Jamond,M
2020,Jamontae,M
2020,Jamonte,M
2020,Jhonatan,M
2020,Jhonathan,M
2020,Joanthony,M
2020,Johnathan,M
2020,Johnathen,M
2020,Johnathon,M
2020,Johnathyn,M
2020,Johnthomas,M
2020,Jonatan,M
2020,Jonathan,F
2020,Jonathan,M
2020,Jonathon,M
2020,Jonnathan,M
2020,Juanantonio,M
2021,Jamontae,M
2021,Jamonte,M
2021,Janthony,M
2021,Jhonatan,M
2021,Jhonathan,M
2021,Johnathan,M
2021,Johnathen,M
2021,Johnathon,M
2021,Johnthomas,M
2021,Jonatan,M
2021,Jonathan,F
2021,Jonathan,M
2021,Jonathon,M
2021,Jonnathan,M
2021,Juanantonio,M
2022,Jamond,M
2022,Jamonte,M
2022,Jhonatan,M
2022,Jhonathan,M
2022,Johnandrew,M
2022,Johnanthony,M
2022,Johnathan,M
2022,Johnathen,M
2022,Johnathon,M
2022,Johnthomas,M
2022,Jonatan,M
2022,Jonathan,F
2022,Jonathan,M
2022,Jonathandavid,M
2022,Jonathon,M
2022,Jonnathan,M
2022,Juanantonio,M
2023,Jamonte,M
2023,Jhonatan,M
2023,Jhonathan,M
2023,Johnanthony,M
2023,Johnatan,M
2023,Johnathan,M
2023,Johnathen,M
2023,Johnathon,M
2023,Johnthomas,M
2023,Jonatan,M
2023,Jonathan,F
2023,Jonathan,M
2023,Jonathon,M
2023,Jonnathan,M
2023,Juanantonio,M
