name_1980,name_2023
Jonathon,Jonathan
Jonathan,Johnathen
Johnathan,Jonathan
Joenathan,Jonathan
Johnthan,Johnathon
Johnnathon,Johnathon
Jonatan,Johnatan
Johnathen,Johnathen
Joanthan,Johnathan
Jonathen,Johnathan
Jonnathan,Johnathan
Janathan,Jonathon
Jonathan,Johnathon
Joanthan,Jonnathan
Jonathen,Jonnathan
Jonnathan,Jonnathan
Jonathon,Johnathon
Jonathan,Johnatan
Joanthan,Jonathan
Jonathen,Jonathan
Jonnathan,Jonathan
Jonthan,Jonathon
Jonothan,Jonathon
Johnathen,Jonathon
Jonatan,Jonatan
Johnathan,Johnathan
Joenathan,Johnathan
Jonathon,Jonatan
Johnathan,Jonnathan
Joenathan,Jonnathan
Johnathon,Johnatan
Johnnathan,Johnatan
Johnathon,Jonathan
Johnnathan,Jonathan
Jonatan,Johnathan
Jonathan,Jonathon
Jonatan,Jonnathan
Johnthan,Jonathan
Johnathan,Johnathon
Joenathan,Johnathon
Johnathen,Johnatan
Jonathan,Jonathan
Johnathon,Jonathon
Janathan,Jonatan
Jonathon,Johnathen
Jonthan,Jonathan
Jonothan,Jonathan
Johnathen,Jonathan
Janathan,Johnathan
Jonathen,Jonathon
Jonnathan,Jonathon
Janathan,Jonnathan
Johnthan,Johnatan
Johnathan,Johnathen
Joenathan,Johnathen
Johnthan,Johnathan
Johnnathon,Johnathan
Jonathon,Jonathon
Johnthan,Jonnathan
Johnnathon,Jonnathan
Johnathon,Johnathen
Johnnathan,Johnathen
Johnathan,Jonathon
Joenathan,Jonathon
Jonathen,Johnathen
Jonnathan,Johnathen
Jonathon,Johnathan
Johnnathon,Jonathon
Johnathan,Jonatan
Joenathan,Jonatan
Jonathon,Jonnathan
Jonnathan,Johnatan
Janathan,Jonathan
Jonthan,Johnathan
Jonothan,Johnathan
Johnathen,Johnathan
Johnathon,Johnathon
Johnnathan,Johnathon
Jonathan,Jonatan
Jonthan,Jonnathan
Jonothan,Jonnathan
Johnathen,Jonnathan
Jonathan,Johnathan
Jonatan,Jonathon
Jonathen,Johnathon
Jonnathan,Johnathon
Jonthan,Jonatan
Jonothan,Jonatan
Jonathan,Jonnathan
Jonatan,Jonathan
Johnathon,Johnathan
Johnnathan,Johnathan
Johnathen,Johnathon
Jonathen,Jonatan
Jonnathan,Jonatan
Johnathon,Jonnathan
Johnnathan,Jonnathan
Johnathan,Johnatan
Joenathan,Johnatan
Johnthan,Johnathen
Johnnathon,Johnathen
