1880,Catherine,F
1880,Katharine,F
1880,Katherine,F
1880,Katherine,M
1880,Katheryn,F
1880,Kathrine,F
1880,Kathryn,F
1880,Kathryne,F
1881,Catherine,F
1881,Katharine,F
1881,Katharyn,F
1881,Katherine,F
1881,Katheryn,F
1881,Kathrine,F
1881,Kathryn,F
1881,Kathryne,F
1882,Catherine,F
1882,Katharine,F
1882,Katherine,F
1882,Katheryn,F
1882,Kathrine,F
1882,Kathryn,F
1882,Kathryne,F
1883,Catherine,F
1883,Katharine,F
1883,Katherine,F
1883,Katheryn,F
1883,Kathrine,F
1883,Kathryn,F
1883,Kathryne,F
1884,Catherine,F
1884,Catherine,M
1884,Katharine,F
1884,Katherine,F
1884,Kathern,F
1884,Katheryn,F
1884,Kathrine,F
1884,Kathryn,F
1884,Kathryne,F
1885,Catherine,F
1885,Katharine,F
1885,Katharyn,F
1885,Katherine,F
1885,Kathern,F
1885,Katheryn,F
1885,Kathrine,F
1885,Kathryn,F
1885,Kathryne,F
1886,Catherine,F
1886,Katharine,F
1886,Katherine,F
1886,Kathern,F
1886,Katheryn,F
1886,Kathrine,F
1886,Kathryn,F
1886,Kathryne,F
1887,Catherine,F
1887,Catherine,M
1887,Katharine,F
1887,Katharyn,F
1887,Katherine,F
1887,Katheryn,F
1887,Kathrine,F
1887,Kathryn,F
1887,Kathryne,F
1888,Catherine,F
1888,Catherine,M
1888,Katharine,F
1888,Katharyn,F
1888,Katherine,F
1888,Katheryn,F
1888,Kathrine,F
1888,Kathryn,F
1888,Kathryne,F
1889,Catherine,F
1889,Katharine,F
1889,Katharyn,F
1889,Katherina,F
1889,Katherine,F
1889,Katheryn,F
1889,Kathrine,F
1889,Kathryn,F
1889,Kathryne,F
1890,Catherine,F
1890,Katharine,F
1890,Katharyn,F
1890,Katherina,F
1890,Katherine,F
1890,Kathern,F
1890,Katheryn,F
1890,Kathrine,F
1890,Kathryn,F
1890,Kathryne,F
1891,Catherine,F
1891,Catherine,M
1891,Katharine,F
1891,Katharyn,F
1891,Katherina,F
1891,Katherine,F
1891,Katherine,M
1891,Katheryn,F
1891,Katheryne,F
1891,Kathrine,F
1891,Kathryn,F
1891,Kathryne,F
1892,Catherine,F
1892,Katharine,F
1892,Katherin,F
1892,Katherina,F
1892,Katherine,F
1892,Katheryn,F
1892,Kathrine,F
1892,Kathryn,F
1892,Kathryne,F
1893,Catherine,F
1893,Catherine,M
1893,Katharine,F
1893,Katharyn,F
1893,Katherina,F
1893,Katherine,F
1893,Kathern,F
1893,Katheryn,F
1893,Kathrine,F
1893,Kathryn,F
1893,Kathryne,F
1894,Catherine,F
1894,Katharine,F
1894,Katharyn,F
1894,Katherine,F
1894,Kathern,F
1894,Katheryn,F
1894,Kathrine,F
1894,Kathryn,F
1894,Kathryne,F
1895,Catherine,F
1895,Katharine,F
1895,Katherin,F
1895,Katherina,F
1895,Katherine,F
1895,Katheryn,F
1895,Kathrine,F
1895,Kathryn,F
1895,Kathryne,F
1896,Catherine,F
1896,Catheryn,F
1896,Katharine,F
1896,Katharyn,F
1896,Katherina,F
1896,Katherine,F
1896,Katheryn,F
1896,Kathrine,F
1896,Kathryn,F
1896,Kathryne,F
1897,Catherine,F
1897,Katharine,F
1897,Katherina,F
1897,Katherine,F
1897,Katheryn,F
1897,Kathrine,F
1897,Kathryn,F
1897,Kathryne,F
1898,Catherine,F
1898,Catherine,M
1898,Katharine,F
1898,Katharyn,F
1898,Katherine,F
1898,Katheryn,F
1898,Kathrine,F
1898,Kathryn,F
1898,Kathryn,M
1898,Kathryne,F
1899,Catherine,F
1899,Catherine,M
1899,Katharine,F
1899,Katherina,F
1899,Katherine,F
1899,Kathern,F
1899,Katheryn,F
1899,Kathrine,F
1899,Kathryn,F
1899,Kathryne,F
1900,Catherine,F
1900,Catherine,M
1900,Katharine,F
1900,Katharyn,F
1900,Katherine,F
1900,Kathern,F
1900,Katheryn,F
1900,Katheryne,F
1900,Kathrine,F
1900,Kathryn,F
1900,Kathryne,F
1901,Catherine,F
1901,Catherine,M
1901,Catheryn,F
1901,Katharine,F
1901,Katherene,F
1901,Katherina,F
1901,Katherine,F
1901,Kathern,F
1901,Katheryn,F
1901,Kathrine,F
1901,Kathryn,F
1901,Kathryne,F
1902,Catherine,F
1902,Katharine,F
1902,Katherine,F
1902,Katherine,M
1902,Kathern,F
1902,Katheryn,F
1902,Katheryne,F
1902,Kathrine,F
1902,Kathryn,F
1902,Kathryne,F
1903,Catherine,F
1903,Katharine,F
1903,Katherine,F
1903,Katherine,M
1903,Kathern,F
1903,Katheryn,F
1903,Katheryne,F
1903,Kathrine,F
1903,Kathryn,F
1903,Kathryne,F
1904,Catherine,F
1904,Catherine,M
1904,Catheryn,F
1904,Katharine,F
1904,Katharyn,F
1904,Katherine,F
1904,Katherine,M
1904,Kathern,F
1904,Katheryn,F
1904,Kathrine,F
1904,Kathryn,F
1904,Kathryne,F
1905,Catherene,F
1905,Catherine,F
1905,Katharine,F
1905,Katharyn,F
1905,Katherine,F
1905,Kathern,F
1905,Katheryn,F
1905,Kathrine,F
1905,Kathryn,F
1905,Kathryne,F
1906,Catherine,F
1906,Catherine,M
1906,Katharine,F
1906,Katharyn,F
1906,Katherine,F
1906,Katheryn,F
1906,Katheryne,F
1906,Kathrine,F
1906,Kathryn,F
1906,Kathryne,F
1907,Catherine,F
1907,Catherine,M
1907,Catheryn,F
1907,Cathryne,F
1907,Katharine,F
1907,Katharyn,F
1907,Katherine,F
1907,Katherine,M
1907,Kathern,F
1907,Katheryn,F
1907,Kathrine,F
1907,Kathryn,F
1907,Kathryne,F
1908,Catherine,F
1908,Catherine,M
1908,Katharine,F
1908,Katherine,F
1908,Kathern,F
1908,Katheryn,F
1908,Katheryne,F
1908,Kathrine,F
1908,Kathryn,F
1908,Kathryne,F
1909,Catherine,F
1909,Catherine,M
1909,Katharine,F
1909,Katharyn,F
1909,Katherin,F
1909,Katherine,F
1909,Katherine,M
1909,Kathern,F
1909,Katheryn,F
1909,Katheryne,F
1909,Kathrine,F
1909,Kathryn,F
1909,Kathryne,F
1910,Catherine,F
1910,Catherine,M
1910,Cathryne,F
1910,Katharine,F
1910,Katharyn,F
1910,Katherine,F
1910,Kathern,F
1910,Katheryn,F
1910,Katheryne,F
1910,Kathrine,F
1910,Kathryn,F
1910,Kathryne,F
1911,Catherine,F
1911,Catherine,M
1911,Catheryn,F
1911,Cathryne,F
1911,Katharine,F
1911,Katharyn,F
1911,Katherina,F
1911,Katherine,F
1911,Katherine,M
1911,Kathern,F
1911,Katheryn,F
1911,Katheryne,F
1911,Kathrine,F
1911,Kathryn,F
1911,Kathryne,F
1912,Catherine,F
1912,Catherine,M
1912,Catheryn,F
1912,Catheryne,F
1912,Katharine,F
1912,Katharyn,F
1912,Katherine,F
1912,Kathern,F
1912,Katheryn,F
1912,Katheryne,F
1912,Kathrine,F
1912,Kathryn,F
1912,Kathryne,F
1913,Catherine,F
1913,Catherine,M
1913,Catheryn,F
1913,Catheryne,F
1913,Cathryne,F
1913,Katharine,F
1913,Katharyn,F
1913,Katherine,F
1913,Katherine,M
1913,Kathern,F
1913,Katheryn,F
1913,Katheryne,F
1913,Kathrine,F
1913,Kathryn,F
1913,Kathryn,M
1913,Kathryne,F
1914,Catherene,F
1914,Catherine,F
1914,Catherine,M
1914,Catheryn,F
1914,Cathryne,F
1914,Katharine,F
1914,Katharyn,F
1914,Kathelene,F
1914,Katherene,F
1914,Katherin,F
1914,Katherina,F
1914,Katherine,F
1914,Katherine,M
1914,Kathern,F
1914,Katheryn,F
1914,Katheryne,F
1914,Kathlyne,F
1914,Kathrine,F
1914,Kathryn,F
1914,Kathryne,F
1915,Catherene,F
1915,Catherine,F
1915,Catherine,M
1915,Catheryn,F
1915,Cathryne,F
1915,Katharine,F
1915,Katharyn,F
1915,Katharyne,F
1915,Katherene,F
1915,Katherin,F
1915,Katherina,F
1915,Katherine,F
1915,Katherine,M
1915,Kathern,F
1915,Katheryn,F
1915,Katheryne,F
1915,Kathlyne,F
1915,Kathrine,F
1915,Kathryn,F
1915,Kathryn,M
1915,Kathryne,F
1916,Catherine,F
1916,Catherine,M
1916,Catheryn,F
1916,Catheryne,F
1916,Cathryne,F
1916,Katharine,F
1916,Katharyn,F
1916,Katherene,F
1916,Katherin,F
1916,Katherine,F
1916,Katherine,M
1916,Kathern,F
1916,Katherne,F
1916,Katheryn,F
1916,Katheryne,F
1916,Kathrene,F
1916,Kathrine,F
1916,Kathryn,F
1916,Kathryne,F
1917,Catherene,F
1917,Catherine,F
1917,Catherine,M
1917,Catheryn,F
1917,Catheryne,F
1917,Cathryne,F
1917,Katharine,F
1917,Katharyn,F
1917,Katheren,F
1917,Katherene,F
1917,Katherin,F
1917,Katherina,F
1917,Katherine,F
1917,Katherine,M
1917,Katherlene,F
1917,Kathern,F
1917,Katheryn,F
1917,Katheryne,F
1917,Kathrine,F
1917,Kathryn,F
1917,Kathryn,M
1917,Kathryne,F
1918,Catherene,F
1918,Catherine,F
1918,Catherine,M
1918,Catheryn,F
1918,Catheryne,F
1918,Cathryne,F
1918,Katharine,F
1918,Katharyn,F
1918,Katherene,F
1918,Katherin,F
1918,Katherina,F
1918,Katherine,F
1918,Katherine,M
1918,Kathern,F
1918,Katheryn,F
1918,Katheryne,F
1918,Kathrine,F
1918,Kathryn,F
1918,Kathryn,M
1918,Kathryne,F
1919,Catherene,F
1919,Catherine,F
1919,Catherine,M
1919,Catheryn,F
1919,Cathryne,F
1919,Katharine,F
1919,Katharyn,F
1919,Katharyne,F
1919,Katheren,F
1919,Katherene,F
1919,Katheriene,F
1919,Katherin,F
1919,Katherina,F
1919,Katherine,F
1919,Katherine,M
1919,Kathern,F
1919,Katheryn,F
1919,Katheryne,F
1919,Kathrene,F
1919,Kathrine,F
1919,Kathryn,F
1919,Kathryn,M
1919,Kathryne,F
1920,Catherene,F
1920,Catherine,F
1920,Catherine,M
1920,Catheryn,F
1920,Catheryne,F
1920,Cathryne,F
1920,Katharine,F
1920,Katharyn,F
1920,Katherene,F
1920,Katherin,F
1920,Katherina,F
1920,Katherine,F
1920,Katherine,M
1920,Kathern,F
1920,Katheryn,F
1920,Katheryne,F
1920,Kathlyne,F
1920,Kathrene,F
1920,Kathrine,F
1920,Kathryn,F
1920,Kathryn,M
1920,Kathryne,F
1921,Catherene,F
1921,Catherine,F
1921,Catherine,M
1921,Catherne,F
1921,Catheryn,F
1921,Catheryne,F
1921,Cathryne,F
1921,Katharine,F
1921,Katharyn,F
1921,Kathelene,F
1921,Katherene,F
1921,Katherin,F
1921,Katherine,F
1921,Katherine,M
1921,Kathern,F
1921,Katheryn,F
1921,Katheryne,F
1921,Kathrine,F
1921,Kathryn,F
1921,Kathryn,M
1921,Kathryne,F
1922,Catherene,F
1922,Catherine,F
1922,Catherine,M
1922,Catheryn,F
1922,Cathryne,F
1922,Katharine,F
1922,Katharyn,F
1922,Katherene,F
1922,Katherin,F
1922,Katherina,F
1922,Katherine,F
1922,Katherine,M
1922,Kathern,F
1922,Katheryn,F
1922,Katheryne,F
1922,Kathrine,F
1922,Kathryn,F
1922,Kathryn,M
1922,Kathryne,F
1923,Catherene,F
1923,Catherine,F
1923,Catherine,M
1923,Catheryn,F
1923,Catheryne,F
1923,Cathryne,F
1923,Katharine,F
1923,Katharyn,F
1923,Kathelene,F
1923,Katherene,F
1923,Katherin,F
1923,Katherina,F
1923,Katherine,F
1923,Katherine,M
1923,Katherlene,F
1923,Kathern,F
1923,Katheryn,F
1923,Katheryne,F
1923,Kathrene,F
1923,Kathrine,F
1923,Kathryn,F
1923,Kathryn,M
1923,Kathryne,F
1924,Catherene,F
1924,Catherine,F
1924,Catherine,M
1924,Catheryn,F
1924,Catheryne,F
1924,Cathryne,F
1924,Katharine,F
1924,Katharyn,F
1924,Katharyne,F
1924,Kathelene,F
1924,Katheline,F
1924,Katherene,F
1924,Katherin,F
1924,Katherina,F
1924,Katherine,F
1924,Katherine,M
1924,Kathern,F
1924,Katheryn,F
1924,Katheryne,F
1924,Kathrine,F
1924,Kathryn,F
1924,Kathryn,M
1924,Kathryne,F
1925,Catherene,F
1925,Catherine,F
1925,Catherine,M
1925,Catheryn,F
1925,Catheryne,F
1925,Cathryne,F
1925,Katharine,F
1925,Katharyn,F
1925,Katherene,F
1925,Katherin,F
1925,Katherina,F
1925,Katherine,F
1925,Katherine,M
1925,Katherline,F
1925,Kathern,F
1925,Katheryn,F
1925,Katheryne,F
1925,Kathrene,F
1925,Kathrine,F
1925,Kathryn,F
1925,Kathryn,M
1925,Kathryne,F
1926,Catherene,F
1926,Catherine,F
1926,Catherine,M
1926,Catheryn,F
1926,Cathryne,F
1926,Katharine,F
1926,Katharyn,F
1926,Katheren,F
1926,Katherene,F
1926,Katherin,F
1926,Katherina,F
1926,Katherine,F
1926,Katherine,M
1926,Kathern,F
1926,Katheryn,F
1926,Katheryne,F
1926,Kathrine,F
1926,Kathryn,F
1926,Kathryn,M
1926,Kathryne,F
1926,Kathrynn,F
1927,Catherene,F
1927,Catherine,F
1927,Catherine,M
1927,Catheryn,F
1927,Cathryne,F
1927,Katharine,F
1927,Katharyn,F
1927,Kathelene,F
1927,Katherene,F
1927,Katherin,F
1927,Katherine,F
1927,Katherine,M
1927,Katherline,F
1927,Kathern,F
1927,Katheryn,F
1927,Katheryne,F
1927,Kathrene,F
1927,Kathrine,F
1927,Kathryn,F
1927,Kathryn,M
1927,Kathryne,F
1928,Catherene,F
1928,Catherine,F
1928,Catherine,M
1928,Catheryn,F
1928,Cathryne,F
1928,Katharine,F
1928,Katharyn,F
1928,Katharyne,F
1928,Kathelene,F
1928,Katherene,F
1928,Katherin,F
1928,Katherina,F
1928,Katherine,F
1928,Katherine,M
1928,Kathern,F
1928,Katheryn,F
1928,Katheryne,F
1928,Kathrene,F
1928,Kathrine,F
1928,Kathryn,F
1928,Kathryn,M
1928,Kathryne,F
1929,Catherene,F
1929,Catherine,F
1929,Catherine,M
1929,Catheryn,F
1929,Catheryne,F
1929,Cathryne,F
1929,Katharine,F
1929,Katharyn,F
1929,Kathelene,F
1929,Katherene,F
1929,Katherin,F
1929,Katherine,F
1929,Katherine,M
1929,Kathern,F
1929,Katheryn,F
1929,Katheryne,F
1929,Kathrine,F
1929,Kathryn,F
1929,Kathryn,M
1929,Kathryne,F
1930,Catherene,F
1930,Catherine,F
1930,Catherine,M
1930,Catheryn,F
1930,Catheryne,F
1930,Cathryne,F
1930,Katharine,F
1930,Katharyn,F
1930,Katherene,F
1930,Katherin,F
1930,Katherina,F
1930,Katherine,F
1930,Katherine,M
1930,Kathern,F
1930,Katheryn,F
1930,Katheryne,F
1930,Kathrine,F
1930,Kathryn,F
1930,Kathryn,M
1930,Kathryne,F
1931,Catherene,F
1931,Catherine,F
1931,Catherine,M
1931,Catheryn,F
1931,Katharine,F
1931,Katharyn,F
1931,Katherene,F
1931,Katherin,F
1931,Katherine,F
1931,Katherine,M
1931,Kathern,F
1931,Katheryn,F
1931,Katheryne,F
1931,Kathrine,F
1931,Kathryn,F
1931,Kathryn,M
1931,Kathryne,F
1932,Catherene,F
1932,Catherine,F
1932,Catherine,M
1932,Catheryn,F
1932,Cathryne,F
1932,Katharine,F
1932,Katharyn,F
1932,Katherene,F
1932,Katherin,F
1932,Katherina,F
1932,Katherine,F
1932,Katherine,M
1932,Kathern,F
1932,Katheryn,F
1932,Katheryne,F
1932,Kathrine,F
1932,Kathryn,F
1932,Kathryn,M
1932,Kathryne,F
1933,Catherene,F
1933,Catherine,F
1933,Catherine,M
1933,Catheryn,F
1933,Cathryne,F
1933,Katharine,F
1933,Katharyn,F
1933,Kathelene,F
1933,Katheren,F
1933,Katherene,F
1933,Katherin,F
1933,Katherine,F
1933,Katherine,M
1933,Kathern,F
1933,Katheryn,F
1933,Katheryne,F
1933,Kathrene,F
1933,Kathrine,F
1933,Kathryn,F
1933,Kathryn,M
1933,Kathryne,F
1934,Catherene,F
1934,Catherine,F
1934,Catherine,M
1934,Catheryn,F
1934,Katharine,F
1934,Katharyn,F
1934,Kathelene,F
1934,Katherene,F
1934,Katherin,F
1934,Katherine,F
1934,Katherine,M
1934,Kathern,F
1934,Katheryn,F
1934,Katheryne,F
1934,Kathrine,F
1934,Kathryn,F
1934,Kathryn,M
1934,Kathryne,F
1935,Catherine,F
1935,Catherine,M
1935,Catheryn,F
1935,Katharine,F
1935,Katharyn,F
1935,Kathelene,F
1935,Katherene,F
1935,Katherin,F
1935,Katherine,F
1935,Katherine,M
1935,Kathern,F
1935,Katheryn,F
1935,Katheryne,F
1935,Kathrene,F
1935,Kathrine,F
1935,Kathryn,F
1935,Kathryn,M
1935,Kathryne,F
1936,Catherene,F
1936,Catherine,F
1936,Catherine,M
1936,Catheryn,F
1936,Cathryne,F
1936,Katharine,F
1936,Katharyn,F
1936,Katherene,F
1936,Katherin,F
1936,Katherina,F
1936,Katherine,F
1936,Katherine,M
1936,Kathern,F
1936,Katheryn,F
1936,Katheryne,F
1936,Kathrine,F
1936,Kathryn,F
1936,Kathryn,M
1936,Kathryne,F
1937,Catherene,F
1937,Catherine,F
1937,Catherine,M
1937,Catheryn,F
1937,Cathryne,F
1937,Katharine,F
1937,Katharyn,F
1937,Kathelene,F
1937,Katherene,F
1937,Katherin,F
1937,Katherina,F
1937,Katherine,F
1937,Katherine,M
1937,Kathern,F
1937,Katheryn,F
1937,Katheryne,F
1937,Kathrine,F
1937,Kathryn,F
1937,Kathryn,M
1937,Kathryne,F
1938,Catherine,F
1938,Catherine,M
1938,Catheryn,F
1938,Katerine,F
1938,Katharine,F
1938,Katharyn,F
1938,Kathelene,F
1938,Katherin,F
1938,Katherine,F
1938,Katherine,M
1938,Kathern,F
1938,Katheryn,F
1938,Katheryne,F
1938,Kathrine,F
1938,Kathryn,F
1938,Kathryne,F
1939,Catherine,F
1939,Catherine,M
1939,Catheryn,F
1939,Katharine,F
1939,Kathelene,F
1939,Katherin,F
1939,Katherine,F
1939,Katherine,M
1939,Kathern,F
1939,Katheryn,F
1939,Katheryne,F
1939,Kathrine,F
1939,Kathryn,F
1939,Kathryn,M
1939,Kathryne,F
1940,Catherene,F
1940,Catherine,F
1940,Catherine,M
1940,Catheryn,F
1940,Katharine,F
1940,Katharyn,F
1940,Kathelene,F
1940,Katherene,F
1940,Katherin,F
1940,Katherina,F
1940,Katherine,F
1940,Katherine,M
1940,Kathern,F
1940,Katheryn,F
1940,Katheryne,F
1940,Kathrine,F
1940,Kathryn,F
1940,Kathryn,M
1940,Kathryne,F
1941,Catherene,F
1941,Catherine,F
1941,Catherine,M
1941,Catheryn,F
1941,Katharine,F
1941,Katharyn,F
1941,Kathelene,F
1941,Katherin,F
1941,Katherine,F
1941,Katherine,M
1941,Kathern,F
1941,Katheryn,F
1941,Katheryne,F
1941,Kathrine,F
1941,Kathryn,F
1941,Kathryn,M
1941,Kathryne,F
1942,Catherine,F
1942,Catherine,M
1942,Catheryn,F
1942,Cathryne,F
1942,Katharine,F
1942,Katharyn,F
1942,Kathelene,F
1942,Katherene,F
1942,Katherin,F
1942,Katherine,F
1942,Katherine,M
1942,Kathern,F
1942,Katheryn,F
1942,Katheryne,F
1942,Kathrine,F
1942,Kathryn,F
1942,Kathryn,M
1942,Kathryne,F
1943,Catherene,F
1943,Catherine,F
1943,Catherine,M
1943,Catheryn,F
1943,Cathryne,F
1943,Katharine,F
1943,Katharyn,F
1943,Kathelene,F
1943,Katherene,F
1943,Katherin,F
1943,Katherine,F
1943,Katherine,M
1943,Kathern,F
1943,Katheryn,F
1943,Katheryne,F
1943,Kathrine,F
1943,Kathryn,F
1943,Kathryn,M
1943,Kathryne,F
1944,Catherene,F
1944,Catherine,F
1944,Catherine,M
1944,Catheryn,F
1944,Katharine,F
1944,Katharyn,F
1944,Katherene,F
1944,Katherin,F
1944,Katherine,F
1944,Katherine,M
1944,Kathern,F
1944,Katheryn,F
1944,Katheryne,F
1944,Kathrine,F
1944,Kathryn,F
1944,Kathryn,M
1944,Kathryne,F
1945,Catherine,F
1945,Catherine,M
1945,Catheryn,F
1945,Katharine,F
1945,Katharyn,F
1945,Katherin,F
1945,Katherine,F
1945,Katherine,M
1945,Kathern,F
1945,Katheryn,F
1945,Katheryne,F
1945,Kathrene,F
1945,Kathrine,F
1945,Kathryn,F
1945,Kathryn,M
1945,Kathryne,F
1946,Catherene,F
1946,Catherine,F
1946,Catherine,M
1946,Catheryn,F
1946,Cathryne,F
1946,Katharine,F
1946,Katharyn,F
1946,Kathelene,F
1946,Katheline,F
1946,Katherene,F
1946,Katherin,F
1946,Katherina,F
1946,Katherine,F
1946,Katherine,M
1946,Katherline,F
1946,Kathern,F
1946,Katheryn,F
1946,Katheryne,F
1946,Kathrene,F
1946,Kathrine,F
1946,Kathryn,F
1946,Kathryn,M
1946,Kathryne,F
1947,Catherene,F
1947,Catherine,F
1947,Catherine,M
1947,Catheryn,F
1947,Cathryne,F
1947,Katharine,F
1947,Katharyn,F
1947,Kathelene,F
1947,Katherene,F
1947,Katherin,F
1947,Katherine,F
1947,Katherine,M
1947,Kathern,F
1947,Katheryn,F
1947,Katheryne,F
1947,Kathrene,F
1947,Kathrine,F
1947,Kathryn,F
1947,Kathryn,M
1947,Kathryne,F
1948,Catherine,F
1948,Catherine,M
1948,Catheryn,F
1948,Cathryne,F
1948,Katharine,F
1948,Katharyn,F
1948,Kathelene,F
1948,Katherene,F
1948,Katherin,F
1948,Katherina,F
1948,Katherine,F
1948,Katherine,M
1948,Kathern,F
1948,Katheryn,F
1948,Katheryne,F
1948,Kathlyne,F
1948,Kathrine,F
1948,Kathryn,F
1948,Kathryn,M
1948,Kathryne,F
1948,Kathrynn,F
1949,Catherene,F
1949,Catherine,F
1949,Catherine,M
1949,Catheryn,F
1949,Catheryne,F
1949,Cathryne,F
1949,Katharine,F
1949,Katharyn,F
1949,Kathelene,F
1949,Katherene,F
1949,Katherin,F
1949,Katherina,F
1949,Katherine,F
1949,Katherine,M
1949,Katherlene,F
1949,Kathern,F
1949,Katheryn,F
1949,Katheryne,F
1949,Kathlyne,F
1949,Kathrene,F
1949,Kathrine,F
1949,Kathryn,F
1949,Kathryn,M
1949,Kathryne,F
1950,Catherene,F
1950,Catherine,F
1950,Catherine,M
1950,Catherne,F
1950,Catheryn,F
1950,Cathryne,F
1950,Katharine,F
1950,Katharyn,F
1950,Katheran,F
1950,Katheren,F
1950,Katherene,F
1950,Katherin,F
1950,Katherina,F
1950,Katherine,F
1950,Katherine,M
1950,Kathern,F
1950,Katherne,F
1950,Katheryn,F
1950,Katheryne,F
1950,Kathlyne,F
1950,Kathrene,F
1950,Kathrine,F
1950,Kathryn,F
1950,Kathryn,M
1950,Kathryne,F
1950,Kathrynn,F
1951,Catherene,F
1951,Catherine,F
1951,Catherine,M
1951,Catheryn,F
1951,Cathryne,F
1951,Katharine,F
1951,Katharyn,F
1951,Katharyne,F
1951,Kathelene,F
1951,Katheline,F
1951,Katheren,F
1951,Katherene,F
1951,Katherin,F
1951,Katherina,F
1951,Katherine,F
1951,Katherine,M
1951,Katherline,F
1951,Kathern,F
1951,Katheryn,F
1951,Katheryne,F
1951,Kathlyne,F
1951,Kathrine,F
1951,Kathryn,F
1951,Kathryn,M
1951,Kathryne,F
1951,Kathrynn,F
1951,Kathyrne,F
1952,Catherine,F
1952,Catherine,M
1952,Catheryn,F
1952,Catheryne,F
1952,Cathryne,F
1952,Katharine,F
1952,Katharyn,F
1952,Kathelene,F
1952,Katheran,F
1952,Katheren,F
1952,Katherene,F
1952,Katherin,F
1952,Katherina,F
1952,Katherine,F
1952,Katherine,M
1952,Kathern,F
1952,Katheryn,F
1952,Katheryne,F
1952,Kathlyne,F
1952,Kathrene,F
1952,Kathrine,F
1952,Kathryn,F
1952,Kathryn,M
1952,Kathryne,F
1952,Kathrynn,F
1953,Catherine,F
1953,Catherine,M
1953,Catheryn,F
1953,Catheryne,F
1953,Cathryne,F
1953,Katharine,F
1953,Katharyn,F
1953,Kathelene,F
1953,Katheren,F
1953,Katherene,F
1953,Katherin,F
1953,Katherina,F
1953,Katherine,F
1953,Katherine,M
1953,Kathern,F
1953,Katheryn,F
1953,Katheryne,F
1953,Kathlyne,F
1953,Kathrine,F
1953,Kathryn,F
1953,Kathryn,M
1953,Kathryne,F
1953,Kathyrine,F
1954,Catherene,F
1954,Catherine,F
1954,Catherine,M
1954,Catheryn,F
1954,Cathryne,F
1954,Katerine,F
1954,Katharine,F
1954,Katharyn,F
1954,Kathelene,F
1954,Katheline,F
1954,Katherene,F
1954,Katherin,F
1954,Katherina,F
1954,Katherine,F
1954,Katherine,M
1954,Kathern,F
1954,Katheryn,F
1954,Katheryne,F
1954,Kathrene,F
1954,Kathrine,F
1954,Kathryn,F
1954,Kathryn,M
1954,Kathryne,F
1955,Catherine,F
1955,Catherine,M
1955,Catheryn,F
1955,Catheryne,F
1955,Katerine,F
1955,Katharine,F
1955,Katharyn,F
1955,Katheren,F
1955,Katherene,F
1955,Katherin,F
1955,Katherina,F
1955,Katherine,F
1955,Katherine,M
1955,Kathern,F
1955,Katheryn,F
1955,Katheryne,F
1955,Kathrine,F
1955,Kathryn,F
1955,Kathryn,M
1955,Kathryne,F
1955,Kathrynn,F
1956,Catherine,F
1956,Catherine,M
1956,Catheryn,F
1956,Catheryne,F
1956,Cathryne,F
1956,Katharine,F
1956,Katharyn,F
1956,Katheran,F
1956,Katheren,F
1956,Katherene,F
1956,Katherin,F
1956,Katherina,F
1956,Katherine,F
1956,Katherine,M
1956,Kathern,F
1956,Katheryn,F
1956,Katheryne,F
1956,Kathrene,F
1956,Kathrine,F
1956,Kathryn,F
1956,Kathryn,M
1956,Kathryne,F
1957,Catherene,F
1957,Catherine,F
1957,Catherine,M
1957,Catheryn,F
1957,Catheryne,F
1957,Cathryne,F
1957,Katharine,F
1957,Katharyn,F
1957,Katherene,F
1957,Katherin,F
1957,Katherina,F
1957,Katherine,F
1957,Katherine,M
1957,Kathern,F
1957,Katheryn,F
1957,Katheryne,F
1957,Kathrene,F
1957,Kathrine,F
1957,Kathryn,F
1957,Kathryn,M
1957,Kathryne,F
1958,Catherine,F
1958,Catherine,M
1958,Catheryn,F
1958,Cathryne,F
1958,Katerine,F
1958,Katharine,F
1958,Katharyn,F
1958,Katheine,F
1958,Katheline,F
1958,Katheren,F
1958,Katherene,F
1958,Katherin,F
1958,Katherina,F
1958,Katherine,F
1958,Katherine,M
1958,Kathern,F
1958,Katheryn,F
1958,Katheryne,F
1958,Kathrene,F
1958,Kathrine,F
1958,Kathryn,F
1958,Kathryn,M
1958,Kathryne,F
1958,Kathrynn,F
1959,Catherine,F
1959,Catherine,M
1959,Catheryn,F
1959,Cathryne,F
1959,Katharine,F
1959,Katharyn,F
1959,Katheline,F
1959,Katheren,F
1959,Katherin,F
1959,Katherina,F
1959,Katherine,F
1959,Katherine,M
1959,Kathern,F
1959,Katheryn,F
1959,Katheryne,F
1959,Kathrene,F
1959,Kathrine,F
1959,Kathryn,F
1959,Kathryn,M
1959,Kathryne,F
1960,Catherine,F
1960,Catherine,M
1960,Catheryn,F
1960,Cathryne,F
1960,Katharine,F
1960,Katharyn,F
1960,Katherene,F
1960,Katherin,F
1960,Katherina,F
1960,Katherine,F
1960,Katherine,M
1960,Kathern,F
1960,Katherne,F
1960,Katheryn,F
1960,Katheryne,F
1960,Kathrine,F
1960,Kathryn,F
1960,Kathryn,M
1960,Kathryne,F
1960,Kathrynn,F
1961,Catherene,F
1961,Catherine,F
1961,Catherine,M
1961,Catheryn,F
1961,Catheryne,F
1961,Cathryne,F
1961,Katharine,F
1961,Katharyn,F
1961,Katherene,F
1961,Katherin,F
1961,Katherina,F
1961,Katherine,F
1961,Katherine,M
1961,Kathern,F
1961,Katheryn,F
1961,Katheryne,F
1961,Kathrine,F
1961,Kathryn,F
1961,Kathryn,M
1961,Kathryne,F
1962,Catherine,F
1962,Catherine,M
1962,Catheryn,F
1962,Cathryne,F
1962,Katharine,F
1962,Katharyn,F
1962,Katheine,F
1962,Katherene,F
1962,Katherin,F
1962,Katherina,F
1962,Katherine,F
1962,Katherine,M
1962,Kathern,F
1962,Katheryn,F
1962,Katheryne,F
1962,Kathrine,F
1962,Kathryn,F
1962,Kathryn,M
1962,Kathryne,F
1963,Catherene,F
1963,Catherine,F
1963,Catherine,M
1963,Catheryn,F
1963,Katerine,F
1963,Katharine,F
1963,Katharyn,F
1963,Katherene,F
1963,Katherin,F
1963,Katherina,F
1963,Katherine,F
1963,Katherine,M
1963,Kathern,F
1963,Katheryn,F
1963,Katheryne,F
1963,Kathrene,F
1963,Kathrine,F
1963,Kathryn,F
1963,Kathryn,M
1963,Kathryne,F
1963,Kathrynn,F
1964,Catherine,F
1964,Catherine,M
1964,Catheryn,F
1964,Cathryne,F
1964,Katharine,F
1964,Katharyn,F
1964,Katheren,F
1964,Katherin,F
1964,Katherina,F
1964,Katherine,F
1964,Katherine,M
1964,Kathern,F
1964,Katheryn,F
1964,Katheryne,F
1964,Kathrine,F
1964,Kathryn,F
1964,Kathryn,M
1964,Kathryne,F
1964,Kathrynn,F
1965,Catherine,F
1965,Catherine,M
1965,Catheryn,F
1965,Catheryne,F
1965,Cathryne,F
1965,Katharine,F
1965,Katharyn,F
1965,Katheren,F
1965,Katherene,F
1965,Katherin,F
1965,Katherina,F
1965,Katherine,F
1965,Katherine,M
1965,Kathern,F
1965,Katheryn,F
1965,Katheryne,F
1965,Kathrine,F
1965,Kathryn,F
1965,Kathryn,M
1965,Kathryne,F
1966,Catherine,F
1966,Catherine,M
1966,Catheryn,F
1966,Katharine,F
1966,Katharyn,F
1966,Katherene,F
1966,Katherin,F
1966,Katherina,F
1966,Katherine,F
1966,Katherine,M
1966,Kathern,F
1966,Katheryn,F
1966,Katheryne,F
1966,Kathrine,F
1966,Kathryn,F
1966,Kathryn,M
1966,Kathryne,F
1967,Catherine,F
1967,Catherine,M
1967,Catheryn,F
1967,Cathryne,F
1967,Katharine,F
1967,Katharyn,F
1967,Katheren,F
1967,Katherin,F
1967,Katherina,F
1967,Katherine,F
1967,Katherine,M
1967,Kathern,F
1967,Katheryn,F
1967,Katheryne,F
1967,Kathrene,F
1967,Kathrine,F
1967,Kathryn,F
1967,Kathryne,F
1968,Catherine,F
1968,Catherine,M
1968,Catheryn,F
1968,Katharine,F
1968,Katharyn,F
1968,Katheine,F
1968,Katherene,F
1968,Katherin,F
1968,Katherina,F
1968,Katherine,F
1968,Katherine,M
1968,Kathern,F
1968,Katheryn,F
1968,Katheryne,F
1968,Kathrene,F
1968,Kathrine,F
1968,Kathryn,F
1968,Kathryn,M
1968,Kathryne,F
1969,Catherine,F
1969,Catherine,M
1969,Catheryn,F
1969,Katerine,F
1969,Katharine,F
1969,Katharyn,F
1969,Katherin,F
1969,Katherina,F
1969,Katherine,F
1969,Katherine,M
1969,Kathern,F
1969,Katheryn,F
1969,Katheryne,F
1969,Kathrine,F
1969,Kathryn,F
1969,Kathryne,F
1970,Catherine,F
1970,Catherine,M
1970,Catheryn,F
1970,Katharine,F
1970,Katharyn,F
1970,Katherin,F
1970,Katherina,F
1970,Katherine,F
1970,Katherine,M
1970,Kathern,F
1970,Katherne,F
1970,Katheryn,F
1970,Katheryne,F
1970,Kathrine,F
1970,Kathryn,F
1970,Kathryn,M
1970,Kathryne,F
1971,Catherine,F
1971,Catherine,M
1971,Catheryn,F
1971,Katerine,F
1971,Katharine,F
1971,Katharyn,F
1971,Katherene,F
1971,Katherin,F
1971,Katherina,F
1971,Katherine,F
1971,Katherine,M
1971,Kathern,F
1971,Katheryn,F
1971,Katheryne,F
1971,Kathlyne,F
1971,Kathrene,F
1971,Kathrine,F
1971,Kathryn,F
1971,Kathryn,M
1971,Kathryne,F
1971,Kathyrne,F
1972,Catherine,F
1972,Catherine,M
1972,Catheryn,F
1972,Catheryne,F
1972,Katerine,F
1972,Katharine,F
1972,Katharyn,F
1972,Katherin,F
1972,Katherina,F
1972,Katherine,F
1972,Katherine,M
1972,Kathern,F
1972,Katheryn,F
1972,Katheryne,F
1972,Kathrene,F
1972,Kathrine,F
1972,Kathryn,F
1972,Kathryn,M
1972,Kathryne,F
1973,Catherine,F
1973,Catherine,M
1973,Catheryn,F
1973,Cathryne,F
1973,Katharine,F
1973,Katharyn,F
1973,Katherene,F
1973,Katherin,F
1973,Katherina,F
1973,Katherine,F
1973,Katherine,M
1973,Kathern,F
1973,Katheryn,F
1973,Katheryne,F
1973,Kathrine,F
1973,Kathryn,F
1973,Kathryn,M
1973,Kathryne,F
1974,Catherine,F
1974,Catherine,M
1974,Catheryn,F
1974,Katerine,F
1974,Katharine,F
1974,Katharyn,F
1974,Katherin,F
1974,Katherina,F
1974,Katherine,F
1974,Katherine,M
1974,Kathern,F
1974,Katheryn,F
1974,Katheryne,F
1974,Kathrine,F
1974,Kathryn,F
1974,Kathryn,M
1974,Kathryne,F
1974,Kathrynn,F
1975,Catherine,F
1975,Catherine,M
1975,Catheryn,F
1975,Katharine,F
1975,Katharyn,F
1975,Katherin,F
1975,Katherina,F
1975,Katherine,F
1975,Katherine,M
1975,Kathern,F
1975,Katheryn,F
1975,Katheryne,F
1975,Kathrine,F
1975,Kathryn,F
1975,Kathryn,M
1975,Kathryne,F
1976,Catherine,F
1976,Catherine,M
1976,Catheryn,F
1976,Katharine,F
1976,Katharyn,F
1976,Katherene,F
1976,Katherin,F
1976,Katherina,F
1976,Katherine,F
1976,Katherine,M
1976,Kathern,F
1976,Katheryn,F
1976,Katheryne,F
1976,Kathrine,F
1976,Kathryn,F
1976,Kathryn,M
1976,Kathryne,F
1977,Catherine,F
1977,Catherine,M
1977,Catheryn,F
1977,Katerine,F
1977,Katharine,F
1977,Katharyn,F
1977,Katherin,F
1977,Katherina,F
1977,Katherine,F
1977,Katherine,M
1977,Kathern,F
1977,Katheryn,F
1977,Katheryne,F
1977,Kathrine,F
1977,Kathryn,F
1977,Kathryn,M
1977,Kathryne,F
1977,Kathrynn,F
1978,Catherine,F
1978,Catherine,M
1978,Catheryn,F
1978,Cathryne,F
1978,Katerine,F
1978,Katharine,F
1978,Katharyn,F
1978,Katherin,F
1978,Katherina,F
1978,Katherine,F
1978,Katherine,M
1978,Kathern,F
1978,Katheryn,F
1978,Katheryne,F
1978,Kathrine,F
1978,Kathryn,F
1978,Kathryn,M
1978,Kathryne,F
1978,Kathrynn,F
1979,Catherine,F
1979,Catherine,M
1979,Catheryn,F
1979,Cathryne,F
1979,Katerine,F
1979,Katharine,F
1979,Katharyn,F
1979,Katherin,F
1979,Katherina,F
1979,Katherine,F
1979,Katherine,M
1979,Kathern,F
1979,Katheryn,F
1979,Katheryne,F
1979,Kathrene,F
1979,Kathrine,F
1979,Kathryn,F
1979,Kathryn,M
1979,Kathryne,F
1979,Ktherine,F
1980,Catherine,F
1980,Catherine,M
1980,Catheryn,F
1980,Catheryne,F
1980,Katerine,F
1980,Katharine,F
1980,Katharyn,F
1980,Katheine,F
1980,Katherene,F
1980,Katherin,F
1980,Katherina,F
1980,Katherine,F
1980,Katherine,M
1980,Kathern,F
1980,Katheryn,F
1980,Katheryne,F
1980,Kathrine,F
1980,Kathryn,F
1980,Kathryn,M
1980,Kathryne,F
1981,Catherine,F
1981,Catherine,M
1981,Catheryn,F
1981,Katerine,F
1981,Katharine,F
1981,Katharyn,F
1981,Katherin,F
1981,Katherina,F
1981,Katherine,F
1981,Katherine,M
1981,Kathern,F
1981,Katheryn,F
1981,Katheryne,F
1981,Kathrine,F
1981,Kathryn,F
1981,Kathryn,M
1981,Kathryne,F
1982,Catherine,F
1982,Catherine,M
1982,Catheryn,F
1982,Cathryne,F
1982,Katerine,F
1982,Kateryna,F
1982,Katharine,F
1982,Katharyn,F
1982,Katheine,F
1982,Katherin,F
1982,Katherina,F
1982,Katherine,F
1982,Katherine,M
1982,Kathern,F
1982,Katheryn,F
1982,Katheryne,F
1982,Kathrine,F
1982,Kathryn,F
1982,Kathryn,M
1982,Kathryne,F
1982,Kathrynn,F
1983,Catherine,F
1983,Catherine,M
1983,Catheryn,F
1983,Cathryne,F
1983,Katerine,F
1983,Katharine,F
1983,Katharyn,F
1983,Kathelyn,F
1983,Katherene,F
1983,Katherin,F
1983,Katherina,F
1983,Katherine,F
1983,Katherine,M
1983,Kathern,F
1983,Katheryn,F
1983,Katheryne,F
1983,Kathrine,F
1983,Kathryn,F
1983,Kathryn,M
1983,Kathryne,F
1983,Kathrynn,F
1984,Catherine,F
1984,Catherine,M
1984,Catheryn,F
1984,Cathryne,F
1984,Katerine,F
1984,Katharine,F
1984,Katharine,M
1984,Katharyn,F
1984,Kathelyn,F
1984,Katherene,F
1984,Katherin,F
1984,Katherina,F
1984,Katherine,F
1984,Katherine,M
1984,Kathern,F
1984,Katheryn,F
1984,Katheryne,F
1984,Kathrine,F
1984,Kathryn,F
1984,Kathryn,M
1984,Kathryne,F
1984,Kathrynn,F
1984,Kathrynne,F
1984,Ketherine,F
1985,Catherine,F
1985,Catherine,M
1985,Catheryn,F
1985,Catheryne,F
1985,Cathryne,F
1985,Katerine,F
1985,Katharine,F
1985,Katharine,M
1985,Katharyn,F
1985,Kathelyn,F
1985,Katherin,F
1985,Katherina,F
1985,Katherine,F
1985,Katherine,M
1985,Kathern,F
1985,Katheryn,F
1985,Katheryne,F
1985,Kathrine,F
1985,Kathryn,F
1985,Kathryn,M
1985,Kathryne,F
1986,Catherine,F
1986,Catherine,M
1986,Catheryn,F
1986,Catheryne,F
1986,Cathryne,F
1986,Katerine,F
1986,Katharine,F
1986,Katharyn,F
1986,Katheine,F
1986,Katheline,F
1986,Kathelyn,F
1986,Katherin,F
1986,Katherina,F
1986,Katherine,F
1986,Katherine,M
1986,Kathern,F
1986,Katheryn,F
1986,Katheryne,F
1986,Kathrene,F
1986,Kathrine,F
1986,Kathryn,F
1986,Kathryn,M
1986,Kathryne,F
1986,Kathrynn,F
1986,Kathrynne,F
1987,Catherine,F
1987,Catherine,M
1987,Catheryn,F
1987,Catheryne,F
1987,Katelyne,F
1987,Katerine,F
1987,Katharine,F
1987,Katharyn,F
1987,Katharyne,F
1987,Katheine,F
1987,Katheline,F
1987,Kathelyn,F
1987,Katheren,F
1987,Katherin,F
1987,Katherina,F
1987,Katherine,F
1987,Katherine,M
1987,Kathern,F
1987,Katheryn,F
1987,Katheryne,F
1987,Kathrine,F
1987,Kathryn,F
1987,Kathryn,M
1987,Kathryne,F
1987,Kathrynn,F
1988,Catherine,F
1988,Catherine,M
1988,Catheryn,F
1988,Cathryne,F
1988,Katelyne,F
1988,Katerine,F
1988,Katharine,F
1988,Katharyn,F
1988,Katheine,F
1988,Kathelyn,F
1988,Katheren,F
1988,Katherin,F
1988,Katherina,F
1988,Katherine,F
1988,Katherine,M
1988,Kathern,F
1988,Katheryn,F
1988,Katheryne,F
1988,Kathrine,F
1988,Kathryn,F
1988,Kathryn,M
1988,Kathryne,F
1988,Kathrynn,F
1989,Catherine,F
1989,Catherine,M
1989,Catheryn,F
1989,Katelyne,F
1989,Katerine,F
1989,Katharine,F
1989,Katharyn,F
1989,Katharyne,F
1989,Kathelyn,F
1989,Katherin,F
1989,Katherina,F
1989,Katherine,F
1989,Katherine,M
1989,Kathern,F
1989,Katheryn,F
1989,Katheryne,F
1989,Kathrine,F
1989,Kathryn,F
1989,Kathryn,M
1989,Kathryne,F
1989,Kathrynn,F
1990,Catherine,F
1990,Catherine,M
1990,Catheryn,F
1990,Cathryne,F
1990,Katelyne,F
1990,Katerine,F
1990,Kateryn,F
1990,Katharine,F
1990,Katharyn,F
1990,Kathelyn,F
1990,Katheren,F
1990,Katherin,F
1990,Katherina,F
1990,Katherine,F
1990,Katherine,M
1990,Kathern,F
1990,Katheryn,F
1990,Katheryne,F
1990,Kathrine,F
1990,Kathryn,F
1990,Kathryn,M
1990,Kathryne,F
1990,Kathrynn,F
1991,Catherine,F
1991,Catherine,M
1991,Catheryn,F
1991,Catheryne,F
1991,Cathryne,F
1991,Katelyne,F
1991,Katerine,F
1991,Katharine,F
1991,Katharyn,F
1991,Katheline,F
1991,Kathelyn,F
1991,Katherin,F
1991,Katherina,F
1991,Katherine,F
1991,Katherine,M
1991,Katherinne,F
1991,Kathern,F
1991,Katheryn,F
1991,Katheryne,F
1991,Kathrine,F
1991,Kathryn,F
1991,Kathryn,M
1991,Kathryne,F
1991,Kathrynn,F
1991,Kathrynne,F
1992,Catherine,F
1992,Catherine,M
1992,Catheryn,F
1992,Catheryne,F
1992,Cathryne,F
1992,Katelyne,F
1992,Katerine,F
1992,Kateryn,F
1992,Katharine,F
1992,Katharyn,F
1992,Katheline,F
1992,Kathelyn,F
1992,Katherene,F
1992,Katherin,F
1992,Katherina,F
1992,Katherine,F
1992,Katherine,M
1992,Kathern,F
1992,Katheryn,F
1992,Katheryne,F
1992,Kathrine,F
1992,Kathryn,F
1992,Kathryn,M
1992,Kathryne,F
1992,Kathrynn,F
1992,Kathrynne,F
1993,Catherine,F
1993,Catheryn,F
1993,Catheryne,F
1993,Cathryne,F
1993,Katelyne,F
1993,Katerine,F
1993,Katharine,F
1993,Katharyn,F
1993,Kathelyn,F
1993,Katherin,F
1993,Katherina,F
1993,Katherine,F
1993,Katherine,M
1993,Kathern,F
1993,Katheryn,F
1993,Katheryne,F
1993,Kathrine,F
1993,Kathryn,F
1993,Kathryn,M
1993,Kathryne,F
1993,Kathrynn,F
1993,Kathrynne,F
1994,Catherine,F
1994,Catheryn,F
1994,Cathryne,F
1994,Katelyne,F
1994,Katerine,F
1994,Kateryna,F
1994,Katharine,F
1994,Katharyn,F
1994,Kathelyn,F
1994,Katherin,F
1994,Katherina,F
1994,Katherine,F
1994,Katherine,M
1994,Kathern,F
1994,Katheryn,F
1994,Katheryne,F
1994,Kathrene,F
1994,Kathrine,F
1994,Kathryn,F
1994,Kathryn,M
1994,Kathryne,F
1994,Kathrynn,F
1995,Catherine,F
1995,Catherine,M
1995,Catheryn,F
1995,Cathryne,F
1995,Katelyne,F
1995,Katerine,F
1995,Kateryn,F
1995,Kateryna,F
1995,Katharine,F
1995,Katharyn,F
1995,Kathelyn,F
1995,Katherene,F
1995,Katherin,F
1995,Katherina,F
1995,Katherine,F
1995,Katherine,M
1995,Katheryn,F
1995,Katheryne,F
1995,Kathrine,F
1995,Kathryn,F
1995,Kathryn,M
1995,Kathryne,F
1995,Kathrynn,F
1995,Kathrynne,F
1996,Catherine,F
1996,Catherine,M
1996,Catheryn,F
1996,Catheryne,F
1996,Katelyne,F
1996,Katerine,F
1996,Katharine,F
1996,Katharyn,F
1996,Katherin,F
1996,Katherina,F
1996,Katherine,F
1996,Katherine,M
1996,Katherinne,F
1996,Kathern,F
1996,Katheryn,F
1996,Katheryne,F
1996,Kathrine,F
1996,Kathryn,F
1996,Kathryne,F
1996,Kathrynn,F
1997,Catherine,F
1997,Catherine,M
1997,Catheryn,F
1997,Catheryne,F
1997,Cathryne,F
1997,Katelyne,F
1997,Katerine,F
1997,Katharine,F
1997,Katharyn,F
1997,Katheline,F
1997,Kathelyn,F
1997,Katheren,F
1997,Katherin,F
1997,Katherina,F
1997,Katherine,F
1997,Katherine,M
1997,Katherinne,F
1997,Katheryn,F
1997,Katheryne,F
1997,Kathrine,F
1997,Kathryn,F
1997,Kathryn,M
1997,Kathryne,F
1997,Kathrynn,F
1998,Catherine,F
1998,Catheryn,F
1998,Katelyne,F
1998,Katerine,F
1998,Katharine,F
1998,Katharyn,F
1998,Katherin,F
1998,Katherina,F
1998,Katherine,F
1998,Katherine,M
1998,Kathern,F
1998,Katheryn,F
1998,Katheryne,F
1998,Kathlyne,F
1998,Kathrine,F
1998,Kathryn,F
1998,Kathryne,F
1998,Kathrynn,F
1999,Catherine,F
1999,Catherine,M
1999,Catheryn,F
1999,Cathryne,F
1999,Katelyne,F
1999,Katerine,F
1999,Kateryn,F
1999,Katharine,F
1999,Katharyn,F
1999,Kathelyn,F
1999,Katherene,F
1999,Katherin,F
1999,Katherina,F
1999,Katherine,F
1999,Katherine,M
1999,Katherinne,F
1999,Kathern,F
1999,Katheryn,F
1999,Katheryne,F
1999,Kathrine,F
1999,Kathryn,F
1999,Kathryne,F
1999,Kathrynn,F
2000,Catherine,F
2000,Catheryn,F
2000,Catheryne,F
2000,Cathryne,F
2000,Katelyne,F
2000,Katerine,F
2000,Kateryn,F
2000,Katharine,F
2000,Katharyn,F
2000,Kathelyn,F
2000,Katherin,F
2000,Katherina,F
2000,Katherine,F
2000,Katherine,M
2000,Katherinne,F
2000,Katheryn,F
2000,Katheryne,F
2000,Kathrine,F
2000,Kathryn,F
2000,Kathryne,F
2000,Kathrynn,F
2000,Kathrynne,F
2001,Catherine,F
2001,Catheryn,F
2001,Cathryne,F
2001,Katelyne,F
2001,Katerine,F
2001,Kateryn,F
2001,Katharine,F
2001,Katharyn,F
2001,Kathelyn,F
2001,Katherene,F
2001,Katherin,F
2001,Katherina,F
2001,Katherine,F
2001,Katherine,M
2001,Katherinne,F
2001,Katheryn,F
2001,Katheryne,F
2001,Kathrine,F
2001,Kathryn,F
2001,Kathryn,M
2001,Kathryne,F
2001,Kathrynn,F
2001,Kathrynne,F
2002,Catherine,F
2002,Catherine,M
2002,Catheryn,F
2002,Catheryne,F
2002,Cathryne,F
2002,Katelyne,F
2002,Katerine,F
2002,Kateryn,F
2002,Katharine,F
2002,Katharyn,F
2002,Kathelyn,F
2002,Katherene,F
2002,Katherin,F
2002,Katherina,F
2002,Katherine,F
2002,Katherine,M
2002,Katherinne,F
2002,Kathern,F
2002,Katheryn,F
2002,Katheryne,F
2002,Kathrine,F
2002,Kathryn,F
2002,Kathryn,M
2002,Kathryne,F
2002,Kathrynn,F
2003,Catherine,F
2003,Catheryn,F
2003,Cathryne,F
2003,Katelyne,F
2003,Katerine,F
2003,Kateryn,F
2003,Katharine,F
2003,Katharyn,F
2003,Katheline,F
2003,Kathelyn,F
2003,Katherin,F
2003,Katherina,F
2003,Katherine,F
2003,Katherine,M
2003,Katherinne,F
2003,Katheryn,F
2003,Katheryne,F
2003,Kathrine,F
2003,Kathryn,F
2003,Kathryne,F
2003,Kathrynn,F
2003,Kathrynne,F
2004,Catherine,F
2004,Catherine,M
2004,Catheryn,F
2004,Katelyne,F
2004,Katerine,F
2004,Kateryn,F
2004,Kateryna,F
2004,Katharine,F
2004,Katharyn,F
2004,Kathelyn,F
2004,Katherene,F
2004,Katherin,F
2004,Katherina,F
2004,Katherine,F
2004,Katherine,M
2004,Katheryn,F
2004,Katheryne,F
2004,Kathrine,F
2004,Kathryn,F
2004,Kathryn,M
2004,Kathryne,F
2004,Kathrynn,F
2005,Catherine,F
2005,Catherine,M
2005,Catheryn,F
2005,Catheryne,F
2005,Katelyne,F
2005,Katerine,F
2005,Kateryn,F
2005,Katharine,F
2005,Katharyn,F
2005,Katheline,F
2005,Kathelyn,F
2005,Katherin,F
2005,Katherina,F
2005,Katherine,F
2005,Katherine,M
2005,Katherinne,F
2005,Kathern,F
2005,Katheryn,F
2005,Katheryne,F
2005,Kathrine,F
2005,Kathryn,F
2005,Kathryn,M
2005,Kathryne,F
2005,Kathrynn,F
2005,Kathrynne,F
2006,Catherine,F
2006,Catheryn,F
2006,Catheryne,F
2006,Cathryne,F
2006,Katelyne,F
2006,Katerine,F
2006,Kateryn,F
2006,Katharine,F
2006,Katharyn,F
2006,Kathelyn,F
2006,Katherin,F
2006,Katherina,F
2006,Katherine,F
2006,Katherine,M
2006,Katherinne,F
2006,Kathern,F
2006,Katheryn,F
2006,Katheryne,F
2006,Kathrine,F
2006,Kathryn,F
2006,Kathryn,M
2006,Kathryne,F
2006,Kathrynn,F
2006,Kathrynne,F
2007,Catherine,F
2007,Catherine,M
2007,Catheryn,F
2007,Katelyne,F
2007,Katerine,F
2007,Kateryn,F
2007,Kateryna,F
2007,Katharine,F
2007,Kathelyn,F
2007,Katherin,F
2007,Katherina,F
2007,Katherine,F
2007,Katherine,M
2007,Katherinne,F
2007,Katheryn,F
2007,Katheryne,F
2007,Kathrine,F
2007,Kathryn,F
2007,Kathryn,M
2007,Kathryne,F
2007,Kathrynn,F
2008,Catherine,F
2008,Catheryn,F
2008,Catheryne,F
2008,Katelyne,F
2008,Katerine,F
2008,Kateryn,F
2008,Katharine,F
2008,Katharyn,F
2008,Kathelyn,F
2008,Katherin,F
2008,Katherina,F
2008,Katherine,F
2008,Katherine,M
2008,Katherinne,F
2008,Katheryn,F
2008,Katheryne,F
2008,Kathrine,F
2008,Kathryn,F
2008,Kathryne,F
2008,Kathrynn,F
2009,Catherine,F
2009,Catheryn,F
2009,Katelyne,F
2009,Katerine,F
2009,Kateryn,F
2009,Kateryna,F
2009,Katharine,F
2009,Katharyn,F
2009,Kathelyn,F
2009,Katherin,F
2009,Katherina,F
2009,Katherine,F
2009,Katherine,M
2009,Katherinne,F
2009,Katheryn,F
2009,Katheryne,F
2009,Kathrine,F
2009,Kathryn,F
2009,Kathryn,M
2009,Kathryne,F
2009,Kathrynn,F
2010,Catherine,F
2010,Catheryn,F
2010,Katelyne,F
2010,Katerine,F
2010,Kateryn,F
2010,Kateryna,F
2010,Katharine,F
2010,Katharyn,F
2010,Kathelyn,F
2010,Katherin,F
2010,Katherina,F
2010,Katherine,F
2010,Katherinne,F
2010,Katheryn,F
2010,Katheryne,F
2010,Kathrine,F
2010,Kathryn,F
2010,Kathryne,F
2010,Kathrynn,F
2011,Catherine,F
2011,Catheryn,F
2011,Katelyne,F
2011,Katerine,F
2011,Kateryna,F
2011,Katharine,F
2011,Katharyn,F
2011,Katherin,F
2011,Katherina,F
2011,Katherine,F
2011,Katherine,M
2011,Katherinne,F
2011,Katheryn,F
2011,Katheryne,F
2011,Kathrine,F
2011,Kathryn,F
2011,Kathryne,F
2011,Kathrynn,F
2012,Catherine,F
2012,Catheryn,F
2012,Catheryne,F
2012,Katelyne,F
2012,Katerine,F
2012,Kateryn,F
2012,Kateryna,F
2012,Katharine,F
2012,Kathelyn,F
2012,Katherin,F
2012,Katherina,F
2012,Katherine,F
2012,Katheryn,F
2012,Katheryne,F
2012,Kathrine,F
2012,Kathryn,F
2012,Kathryne,F
2013,Catherine,F
2013,Catheryn,F
2013,Katelyne,F
2013,Katerine,F
2013,Kateryna,F
2013,Katharine,F
2013,Kathelyn,F
2013,Katherin,F
2013,Katherina,F
2013,Katherine,F
2013,Katheryn,F
2013,Katheryne,F
2013,Kathrine,F
2013,Kathryn,F
2013,Kathryne,F
2013,Kathrynn,F
2014,Catherine,F
2014,Catheryn,F
2014,Katerine,F
2014,Kateryn,F
2014,Kateryna,F
2014,Katharine,F
2014,Kathelyn,F
2014,Katherin,F
2014,Katherina,F
2014,Katherine,F
2014,Katherine,M
2014,Katherinne,F
2014,Katheryn,F
2014,Katheryne,F
2014,Kathrine,F
2014,Kathryn,F
2014,Kathryne,F
2014,Kathrynn,F
2014,Kathrynne,F
2015,Catherine,F
2015,Catheryn,F
2015,Katerine,F
2015,Kateryna,F
2015,Katharine,F
2015,Katherin,F
2015,Katherina,F
2015,Katherine,F
2015,Katherine,M
2015,Katherinne,F
2015,Katheryn,F
2015,Katheryne,F
2015,Katherynn,F
2015,Kathrine,F
2015,Kathryn,F
2015,Kathryne,F
2015,Kathrynn,F
2016,Catherine,F
2016,Katelyne,F
2016,Katerine,F
2016,Kateryn,F
2016,Kateryna,F
2016,Katharine,F
2016,Katherin,F
2016,Katherina,F
2016,Katherine,F
2016,Katherinne,F
2016,Katheryn,F
2016,Katheryne,F
2016,Kathrine,F
2016,Kathryn,F
2016,Kathryne,F
2016,Kathrynn,F
2017,Catherine,F
2017,Katerine,F
2017,Kateryn,F
2017,Kateryna,F
2017,Katharine,F
2017,Katherin,F
2017,Katherina,F
2017,Katherine,F
2017,Katherinne,F
2017,Katheryn,F
2017,Katheryne,F
2017,Kathrine,F
2017,Kathryn,F
2017,Kathryne,F
2017,Kathrynn,F
2018,Catherine,F
2018,Catheryn,F
2018,Katerine,F
2018,Kateryna,F
2018,Katharine,F
2018,Katherin,F
2018,Katherina,F
2018,Katherine,F
2018,Katheryn,F
2018,Katheryne,F
2018,Kathrine,F
2018,Kathryn,F
2018,Kathryne,F
2018,Kathrynn,F
2019,Catherine,F
2019,Catheryn,F
2019,Kateryna,F
2019,Katharine,F
2019,Katherin,F
2019,Katherina,F
2019,Katherine,F
2019,Katheryn,F
2019,Katheryne,F
2019,Kathrine,F
2019,Kathryn,F
2019,Kathryne,F
2019,Kathrynn,F
2019,Kathrynne,F
2020,Catherine,F
2020,Katerine,F
2020,Kateryn,F
2020,Kateryna,F
2020,Katharine,F
2020,Katherin,F
2020,Katherina,F
2020,Katherine,F
2020,Katheryn,F
2020,Katheryne,F
2020,Kathrine,F
2020,Kathryn,F
2020,Kathryne,F
2021,Catherine,F
2021,Katerine,F
2021,Kateryna,F
2021,Katharine,F
2021,Katherin,F
2021,Katherina,F
2021,Katherine,F
2021,Katheryn,F
2021,Katheryne,F
2021,Kathrine,F
2021,Kathryn,F
2021,Kathryne,F
2022,Catherine,F
2022,Katerine,F
2022,Kateryna,F
2022,Katharine,F
2022,Katherin,F
2022,Katherina,F
2022,Katherine,F
2022,Katheryn,F
2022,Kathrine,F
2022,Kathryn,F
2022,Kathryne,F
2022,Kathrynn,F
2023,Catherine,F
2023,Katerine,F
2023,Kateryna,F
2023,Katharine,F
2023,Katherin,F
2023,Katherina,F
2023,Katherine,F
2023,Katheryn,F
2023,Katheryne,F
2023,Kathrine,F
2023,Kathryn,F
2023,Kathryne,F
2023,Kathrynn,F
