1880,Katharine,F
1880,Katherine,F
1880,Katherine,M
1880,Katheryn,F
1880,Kathleen,F
1880,Kathrine,F
1880,Kathryn,F
1880,Kathryne,F
1881,Katharine,F
1881,Katharyn,F
1881,Katherine,F
1881,Katheryn,F
1881,Kathleen,F
1881,Kathrine,F
1881,Kathryn,F
1881,Kathryne,F
1882,Katharine,F
1882,Katherine,F
1882,Katheryn,F
1882,Kathleen,F
1882,Kathrine,F
1882,Kathryn,F
1882,Kathryne,F
1882,Kathyrn,F
1883,Katharine,F
1883,Katherine,F
1883,Katheryn,F
1883,Kathleen,F
1883,Kathrine,F
1883,Kathryn,F
1883,Kathryne,F
1884,Katharine,F
1884,Katherine,F
1884,Kathern,F
1884,Katheryn,F
1884,Kathleen,F
1884,Kathrine,F
1884,Kathryn,F
1884,Kathryne,F
1885,Katharine,F
1885,Katharyn,F
1885,Katherine,F
1885,Kathern,F
1885,Katheryn,F
1885,Kathleen,F
1885,Kathrine,F
1885,Kathryn,F
1885,Kathryne,F
1886,Katharine,F
1886,Katherine,F
1886,Kathern,F
1886,Katheryn,F
1886,Kathleen,F
1886,Kathrina,F
1886,Kathrine,F
1886,Kathryn,F
1886,Kathryne,F
1887,Katharine,F
1887,Katharyn,F
1887,Katherine,F
1887,Katheryn,F
1887,Kathleen,F
1887,Kathrine,F
1887,Kathryn,F
1887,Kathryne,F
1888,Katharine,F
1888,Katharyn,F
1888,Katherine,F
1888,Katheryn,F
1888,Kathleen,F
1888,Kathrine,F
1888,Kathryn,F
1888,Kathryne,F
1889,Katharine,F
1889,Katharyn,F
1889,Katherina,F
1889,Katherine,F
1889,Katheryn,F
1889,Kathleen,F
1889,Kathrine,F
1889,Kathryn,F
1889,Kathryne,F
1890,Katharine,F
1890,Katharyn,F
1890,Katherina,F
1890,Katherine,F
1890,Kathern,F
1890,Katheryn,F
1890,Kathleen,F
1890,Kathrine,F
1890,Kathryn,F
1890,Kathryne,F
1891,Katharine,F
1891,Katharyn,F
1891,Katherina,F
1891,Katherine,F
1891,Katherine,M
1891,Katheryn,F
1891,Katheryne,F
1891,Kathleen,F
1891,Kathrine,F
1891,Kathryn,F
1891,Kathryne,F
1892,Katharine,F
1892,Katherin,F
1892,Katherina,F
1892,Katherine,F
1892,Katheryn,F
1892,Kathleen,F
1892,Kathrine,F
1892,Kathryn,F
1892,Kathryne,F
1893,Katharine,F
1893,Katharyn,F
1893,Katherina,F
1893,Katherine,F
1893,Kathern,F
1893,Katheryn,F
1893,Kathleen,F
1893,Kathrina,F
1893,Kathrine,F
1893,Kathryn,F
1893,Kathryne,F
1894,Katharine,F
1894,Katharyn,F
1894,Katherine,F
1894,Kathern,F
1894,Katheryn,F
1894,Kathleen,F
1894,Kathrine,F
1894,Kathryn,F
1894,Kathryne,F
1895,Katharine,F
1895,Katherin,F
1895,Katherina,F
1895,Katherine,F
1895,Katheryn,F
1895,Kathleen,F
1895,Kathrine,F
1895,Kathryn,F
1895,Kathryne,F
1896,Catheryn,F
1896,Katharine,F
1896,Katharyn,F
1896,Katherina,F
1896,Katherine,F
1896,Katheryn,F
1896,Kathleen,F
1896,Kathrine,F
1896,Kathryn,F
1896,Kathryne,F
1897,Katharine,F
1897,Katherina,F
1897,Katherine,F
1897,Katheryn,F
1897,Kathleen,F
1897,Kathlyn,F
1897,Kathrine,F
1897,Kathryn,F
1897,Kathryne,F
1898,Katharine,F
1898,Katharyn,F
1898,Katherine,F
1898,Katheryn,F
1898,Kathleen,F
1898,Kathlyn,F
1898,Kathrine,F
1898,Kathryn,F
1898,Kathryn,M
1898,Kathryne,F
1899,Katharine,F
1899,Katherina,F
1899,Katherine,F
1899,Kathern,F
1899,Katheryn,F
1899,Kathleen,F
1899,Kathlyn,F
1899,Kathrine,F
1899,Kathryn,F
1899,Kathryne,F
1900,Katharine,F
1900,Katharyn,F
1900,Katherine,F
1900,Kathern,F
1900,Katheryn,F
1900,Katheryne,F
1900,Kathleen,F
1900,Kathlyn,F
1900,Kathrine,F
1900,Kathryn,F
1900,Kathryne,F
1901,Catheryn,F
1901,Katharine,F
1901,Katherene,F
1901,Katherina,F
1901,Katherine,F
1901,Kathern,F
1901,Katheryn,F
1901,Kathleen,F
1901,Kathlyn,F
1901,Kathrine,F
1901,Kathryn,F
1901,Kathryne,F
1902,Katharine,F
1902,Katherine,F
1902,Katherine,M
1902,Kathern,F
1902,Katheryn,F
1902,Katheryne,F
1902,Kathleen,F
1902,Kathlyn,F
1902,Kathrine,F
1902,Kathryn,F
1902,Kathryne,F
1902,Kathyrn,F
1903,Katharine,F
1903,Katherine,F
1903,Katherine,M
1903,Kathern,F
1903,Katheryn,F
1903,Katheryne,F
1903,Kathleen,F
1903,Kathlyn,F
1903,Kathrine,F
1903,Kathryn,F
1903,Kathryne,F
1903,Kathyrn,F
1904,Catheryn,F
1904,Katharine,F
1904,Katharyn,F
1904,Katherine,F
1904,Katherine,M
1904,Kathern,F
1904,Katheryn,F
1904,Kathleen,F
1904,Kathlyn,F
1904,Kathrine,F
1904,Kathryn,F
1904,Kathryne,F
1904,Kathyrn,F
1905,Katharine,F
1905,Katharyn,F
1905,Katherine,F
1905,Kathern,F
1905,Katheryn,F
1905,Kathleen,F
1905,Kathlyn,F
1905,Kathrine,F
1905,Kathryn,F
1905,Kathryne,F
1905,Kathyrn,F
1906,Katharine,F
1906,Katharyn,F
1906,Katherine,F
1906,Katheryn,F
1906,Katheryne,F
1906,Kathleen,F
1906,Kathrine,F
1906,Kathryn,F
1906,Kathryne,F
1907,Catheryn,F
1907,Cathryne,F
1907,Katharine,F
1907,Katharyn,F
1907,Katherine,F
1907,Katherine,M
1907,Kathern,F
1907,Katheryn,F
1907,Kathleen,F
1907,Kathlyn,F
1907,Kathrine,F
1907,Kathryn,F
1907,Kathryne,F
1908,Katharine,F
1908,Katherine,F
1908,Kathern,F
1908,Katheryn,F
1908,Katheryne,F
1908,Kathleen,F
1908,Kathlyn,F
1908,Kathrine,F
1908,Kathryn,F
1908,Kathryne,F
1908,Kathyrn,F
1909,Katharine,F
1909,Katharyn,F
1909,Katheleen,F
1909,Katherin,F
1909,Katherine,F
1909,Katherine,M
1909,Kathern,F
1909,Katheryn,F
1909,Katheryne,F
1909,Kathleen,F
1909,Kathlyn,F
1909,Kathrine,F
1909,Kathryn,F
1909,Kathryne,F
1909,Kathyrn,F
1910,Cathryne,F
1910,Katharine,F
1910,Katharyn,F
1910,Katherine,F
1910,Kathern,F
1910,Katheryn,F
1910,Katheryne,F
1910,Kathleen,F
1910,Kathrine,F
1910,Kathryn,F
1910,Kathryne,F
1910,Kathy,F
1910,Kathyrn,F
1911,Catheryn,F
1911,Cathryne,F
1911,Katharine,F
1911,Katharyn,F
1911,Katherina,F
1911,Katherine,F
1911,Katherine,M
1911,Kathern,F
1911,Katheryn,F
1911,Katheryne,F
1911,Kathleen,F
1911,Kathlyn,F
1911,Kathrine,F
1911,Kathryn,F
1911,Kathryne,F
1911,Kathyrn,F
1912,Catheryn,F
1912,Catheryne,F
1912,Katharine,F
1912,Katharyn,F
1912,Katherine,F
1912,Kathern,F
1912,Katheryn,F
1912,Katheryne,F
1912,Kathleen,F
1912,Kathlyn,F
1912,Kathreen,F
1912,Kathrine,F
1912,Kathryn,F
1912,Kathryne,F
1913,Catheryn,F
1913,Catheryne,F
1913,Cathryne,F
1913,Katharine,F
1913,Katharyn,F
1913,Katheleen,F
1913,Katherine,F
1913,Katherine,M
1913,Kathern,F
1913,Katheryn,F
1913,Katheryne,F
1913,Kathleen,F
1913,Kathlene,F
1913,Kathlyn,F
1913,Kathrine,F
1913,Kathryn,F
1913,Kathryn,M
1913,Kathryne,F
1913,Kathyrn,F
1914,Catheryn,F
1914,Cathryne,F
1914,Kathalene,F
1914,Katharine,F
1914,Katharyn,F
1914,Katheleen,F
1914,Kathelene,F
1914,Katherene,F
1914,Katherin,F
1914,Katherina,F
1914,Katherine,F
1914,Katherine,M
1914,Kathern,F
1914,Katheryn,F
1914,Katheryne,F
1914,Kathleen,F
1914,Kathlene,F
1914,Kathlyn,F
1914,Kathlyne,F
1914,Kathrin,F
1914,Kathrine,F
1914,Kathryn,F
1914,Kathryne,F
1914,Kathy,F
1914,Kathyrn,F
1915,Catheryn,F
1915,Cathryne,F
1915,Kathalene,F
1915,Katharine,F
1915,Katharyn,F
1915,Katharyne,F
1915,Katheleen,F
1915,Katherene,F
1915,Katherin,F
1915,Katherina,F
1915,Katherine,F
1915,Katherine,M
1915,Kathern,F
1915,Katheryn,F
1915,Katheryne,F
1915,Kathleen,F
1915,Kathleen,M
1915,Kathleene,F
1915,Kathlene,F
1915,Kathline,F
1915,Kathlyn,F
1915,Kathlyne,F
1915,Kathren,F
1915,Kathrin,F
1915,Kathrine,F
1915,Kathryn,F
1915,Kathryn,M
1915,Kathryne,F
1915,Kathy,F
1915,Kathyrn,F
1915,Katrine,F
1916,Catheryn,F
1916,Catheryne,F
1916,Cathryne,F
1916,Kathalyn,F
1916,Katharine,F
1916,Katharyn,F
1916,Katheleen,F
1916,Katherene,F
1916,Katherin,F
1916,Katherine,F
1916,Katherine,M
1916,Kathern,F
1916,Katherne,F
1916,Katheryn,F
1916,Katheryne,F
1916,Kathleen,F
1916,Kathleen,M
1916,Kathlene,F
1916,Kathlyn,F
1916,Kathren,F
1916,Kathrene,F
1916,Kathrin,F
1916,Kathrine,F
1916,Kathryn,F
1916,Kathryne,F
1916,Kathy,F
1916,Kathyrn,F
1917,Catheryn,F
1917,Catheryne,F
1917,Cathryne,F
1917,Katharine,F
1917,Katharyn,F
1917,Katheleen,F
1917,Katheren,F
1917,Katherene,F
1917,Katherin,F
1917,Katherina,F
1917,Katherine,F
1917,Katherine,M
1917,Katherleen,F
1917,Katherlene,F
1917,Kathern,F
1917,Katheryn,F
1917,Katheryne,F
1917,Kathleen,F
1917,Kathlene,F
1917,Kathlyn,F
1917,Kathreen,F
1917,Kathrine,F
1917,Kathryn,F
1917,Kathryn,M
1917,Kathryne,F
1917,Kathy,F
1917,Kathyrn,F
1917,Katrine,F
1918,Catheryn,F
1918,Catheryne,F
1918,Cathryne,F
1918,Katharine,F
1918,Katharyn,F
1918,Katheleen,F
1918,Katherene,F
1918,Katherin,F
1918,Katherina,F
1918,Katherine,F
1918,Katherine,M
1918,Katherleen,F
1918,Kathern,F
1918,Katheryn,F
1918,Katheryne,F
1918,Kathie,F
1918,Kathleen,F
1918,Kathleene,F
1918,Kathlene,F
1918,Kathlyn,F
1918,Kathren,F
1918,Kathrin,F
1918,Kathrine,F
1918,Kathryn,F
1918,Kathryn,M
1918,Kathryne,F
1918,Kathy,F
1918,Kathyrn,F
1918,Katrine,F
1919,Atherine,F
1919,Catheryn,F
1919,Cathryne,F
1919,Katharine,F
1919,Katharyn,F
1919,Katharyne,F
1919,Katheleen,F
1919,Katheren,F
1919,Katherene,F
1919,Katheriene,F
1919,Katherin,F
1919,Katherina,F
1919,Katherine,F
1919,Katherine,M
1919,Katherleen,F
1919,Kathern,F
1919,Katheryn,F
1919,Katheryne,F
1919,Kathlean,F
1919,Kathleen,F
1919,Kathleene,F
1919,Kathlene,F
1919,Kathlyn,F
1919,Kathreen,F
1919,Kathrene,F
1919,Kathrine,F
1919,Kathryn,F
1919,Kathryn,M
1919,Kathryne,F
1919,Kathy,F
1919,Kathyrn,F
1919,Katrine,F
1920,Catheryn,F
1920,Catheryne,F
1920,Cathryne,F
1920,Katharine,F
1920,Katharyn,F
1920,Katheleen,F
1920,Katherene,F
1920,Katherin,F
1920,Katherina,F
1920,Katherine,F
1920,Katherine,M
1920,Katherleen,F
1920,Kathern,F
1920,Katheryn,F
1920,Katheryne,F
1920,Kathleen,F
1920,Kathleene,F
1920,Kathlene,F
1920,Kathlyn,F
1920,Kathlyne,F
1920,Kathreen,F
1920,Kathren,F
1920,Kathrene,F
1920,Kathrine,F
1920,Kathryn,F
1920,Kathryn,M
1920,Kathryne,F
1920,Kathy,F
1920,Kathyrn,F
1920,Katrine,F
1921,Catherne,F
1921,Catheryn,F
1921,Catheryne,F
1921,Cathryne,F
1921,Katha,F
1921,Katharine,F
1921,Katharyn,F
1921,Katheleen,F
1921,Kathelene,F
1921,Katherene,F
1921,Katherin,F
1921,Katherine,F
1921,Katherine,M
1921,Kathern,F
1921,Katheryn,F
1921,Katheryne,F
1921,Kathleen,F
1921,Kathleen,M
1921,Kathleene,F
1921,Kathlene,F
1921,Kathlyn,F
1921,Kathreen,F
1921,Kathren,F
1921,Kathrine,F
1921,Kathryn,F
1921,Kathryn,M
1921,Kathryne,F
1921,Kathy,F
1921,Kathyrn,F
1922,Catheryn,F
1922,Cathryne,F
1922,Kathalene,F
1922,Kathaline,F
1922,Katharine,F
1922,Katharyn,F
1922,Katheleen,F
1922,Katherene,F
1922,Katherin,F
1922,Katherina,F
1922,Katherine,F
1922,Katherine,M
1922,Katherleen,F
1922,Kathern,F
1922,Katheryn,F
1922,Katheryne,F
1922,Kathleen,F
1922,Kathleene,F
1922,Kathlene,F
1922,Kathlyn,F
1922,Kathreen,F
1922,Kathren,F
1922,Kathrine,F
1922,Kathryn,F
1922,Kathryn,M
1922,Kathryne,F
1922,Kathy,F
1922,Kathyrn,F
1923,Catheryn,F
1923,Catheryne,F
1923,Cathryne,F
1923,Kathalene,F
1923,Katharine,F
1923,Katharyn,F
1923,Katheleen,F
1923,Kathelene,F
1923,Katherene,F
1923,Katherin,F
1923,Katherina,F
1923,Katherine,F
1923,Katherine,M
1923,Katherleen,F
1923,Katherlene,F
1923,Kathern,F
1923,Katheryn,F
1923,Katheryne,F
1923,Kathleen,F
1923,Kathleen,M
1923,Kathleene,F
1923,Kathlene,F
1923,Kathlyn,F
1923,Kathren,F
1923,Kathrene,F
1923,Kathrin,F
1923,Kathrine,F
1923,Kathryn,F
1923,Kathryn,M
1923,Kathryne,F
1923,Kathy,F
1923,Kathyrn,F
1924,Catheryn,F
1924,Catheryne,F
1924,Cathryne,F
1924,Kathaline,F
1924,Katharine,F
1924,Katharyn,F
1924,Katharyne,F
1924,Katheleen,F
1924,Kathelene,F
1924,Katheline,F
1924,Katherene,F
1924,Katherin,F
1924,Katherina,F
1924,Katherine,F
1924,Katherine,M
1924,Katherleen,F
1924,Kathern,F
1924,Katheryn,F
1924,Katheryne,F
1924,Kathie,F
1924,Kathleen,F
1924,Kathleen,M
1924,Kathleene,F
1924,Kathlene,F
1924,Kathlyn,F
1924,Kathlynn,F
1924,Kathreen,F
1924,Kathren,F
1924,Kathrin,F
1924,Kathrine,F
1924,Kathryn,F
1924,Kathryn,M
1924,Kathryne,F
1924,Kathy,F
1924,Kathyrn,F
1925,Catheryn,F
1925,Catheryne,F
1925,Cathryne,F
1925,Katharine,F
1925,Katharyn,F
1925,Katheleen,F
1925,Katherene,F
1925,Katherin,F
1925,Katherina,F
1925,Katherine,F
1925,Katherine,M
1925,Katherleen,F
1925,Katherline,F
1925,Kathern,F
1925,Katheryn,F
1925,Katheryne,F
1925,Kathie,F
1925,Kathlean,F
1925,Kathleen,F
1925,Kathleen,M
1925,Kathleene,F
1925,Kathlene,F
1925,Kathlyn,F
1925,Kathrean,F
1925,Kathreen,F
1925,Kathren,F
1925,Kathrene,F
1925,Kathrine,F
1925,Kathryn,F
1925,Kathryn,M
1925,Kathryne,F
1925,Kathy,F
1925,Kathyrn,F
1925,Katrine,F
1926,Catheryn,F
1926,Cathryne,F
1926,Kathalene,F
1926,Katharine,F
1926,Katharyn,F
1926,Kathelean,F
1926,Katheleen,F
1926,Katheren,F
1926,Katherene,F
1926,Katherin,F
1926,Katherina,F
1926,Katherine,F
1926,Katherine,M
1926,Katherleen,F
1926,Kathern,F
1926,Katheryn,F
1926,Katheryne,F
1926,Kathie,F
1926,Kathleen,F
1926,Kathleen,M
1926,Kathleene,F
1926,Kathlene,F
1926,Kathlyn,F
1926,Kathrine,F
1926,Kathryn,F
1926,Kathryn,M
1926,Kathryne,F
1926,Kathrynn,F
1926,Kathy,F
1926,Kathyrn,F
1926,Katrine,F
1927,Catheryn,F
1927,Cathryne,F
1927,Kathalene,F
1927,Katharine,F
1927,Katharyn,F
1927,Katheleen,F
1927,Kathelene,F
1927,Kather,F
1927,Katherene,F
1927,Katherin,F
1927,Katherine,F
1927,Katherine,M
1927,Katherleen,F
1927,Katherline,F
1927,Kathern,F
1927,Katheryn,F
1927,Katheryne,F
1927,Kathie,F
1927,Kathlean,F
1927,Kathlee,F
1927,Kathleen,F
1927,Kathleen,M
1927,Kathleene,F
1927,Kathlene,F
1927,Kathlyn,F
1927,Kathren,F
1927,Kathrene,F
1927,Kathrin,F
1927,Kathrine,F
1927,Kathryn,F
1927,Kathryn,M
1927,Kathryne,F
1927,Kathy,F
1927,Kathyrn,F
1928,Catheryn,F
1928,Cathryne,F
1928,Katharine,F
1928,Katharyn,F
1928,Katharyne,F
1928,Kathelean,F
1928,Katheleen,F
1928,Kathelene,F
1928,Katherene,F
1928,Katherin,F
1928,Katherina,F
1928,Katherine,F
1928,Katherine,M
1928,Katherleen,F
1928,Kathern,F
1928,Katheryn,F
1928,Katheryne,F
1928,Kathleen,F
1928,Kathleen,M
1928,Kathleene,F
1928,Kathlene,F
1928,Kathline,F
1928,Kathlyn,F
1928,Kathrene,F
1928,Kathrin,F
1928,Kathrine,F
1928,Kathryn,F
1928,Kathryn,M
1928,Kathryne,F
1928,Kathy,F
1928,Kathyrn,F
1929,Catheryn,F
1929,Catheryne,F
1929,Cathryne,F
1929,Katharine,F
1929,Katharyn,F
1929,Katheleen,F
1929,Kathelene,F
1929,Kather,F
1929,Katherene,F
1929,Katherin,F
1929,Katherine,F
1929,Katherine,M
1929,Katherleen,F
1929,Kathern,F
1929,Katheryn,F
1929,Katheryne,F
1929,Kathie,F
1929,Kathleen,F
1929,Kathleen,M
1929,Kathleene,F
1929,Kathlene,F
1929,Kathlyn,F
1929,Kathrin,F
1929,Kathrine,F
1929,Kathryn,F
1929,Kathryn,M
1929,Kathryne,F
1929,Kathy,F
1929,Kathyrn,F
1929,Katrine,F
1930,Catheryn,F
1930,Catheryne,F
1930,Cathryne,F
1930,Katharine,F
1930,Katharyn,F
1930,Katheleen,F
1930,Katherene,F
1930,Katherin,F
1930,Katherina,F
1930,Katherine,F
1930,Katherine,M
1930,Katherleen,F
1930,Kathern,F
1930,Katheryn,F
1930,Katheryne,F
1930,Kathie,F
1930,Kathleen,F
1930,Kathleen,M
1930,Kathleene,F
1930,Kathlene,F
1930,Kathline,F
1930,Kathlyn,F
1930,Kathren,F
1930,Kathrine,F
1930,Kathryn,F
1930,Kathryn,M
1930,Kathryne,F
1930,Kathy,F
1930,Kathyrn,F
1931,Catheryn,F
1931,Katharine,F
1931,Katharyn,F
1931,Katheleen,F
1931,Katherene,F
1931,Katherin,F
1931,Katherine,F
1931,Katherine,M
1931,Katherleen,F
1931,Kathern,F
1931,Katheryn,F
1931,Katheryne,F
1931,Kathie,F
1931,Kathlean,F
1931,Kathleen,F
1931,Kathleen,M
1931,Kathleene,F
1931,Kathlene,F
1931,Kathlyn,F
1931,Kathrine,F
1931,Kathryn,F
1931,Kathryn,M
1931,Kathryne,F
1931,Kathy,F
1931,Kathyrn,F
1932,Catheryn,F
1932,Cathryne,F
1932,Kathalene,F
1932,Katharine,F
1932,Katharyn,F
1932,Katheleen,F
1932,Katherene,F
1932,Katherin,F
1932,Katherina,F
1932,Katherine,F
1932,Katherine,M
1932,Kathern,F
1932,Katheryn,F
1932,Katheryne,F
1932,Kathie,F
1932,Kathleen,F
1932,Kathleen,M
1932,Kathleene,F
1932,Kathlene,F
1932,Kathlyn,F
1932,Kathreen,F
1932,Kathrine,F
1932,Kathryn,F
1932,Kathryn,M
1932,Kathryne,F
1932,Kathy,F
1932,Kathyrn,F
1933,Catheryn,F
1933,Cathryne,F
1933,Katharine,F
1933,Katharyn,F
1933,Katheleen,F
1933,Kathelene,F
1933,Katheren,F
1933,Katherene,F
1933,Katherin,F
1933,Katherine,F
1933,Katherine,M
1933,Katherleen,F
1933,Kathern,F
1933,Katheryn,F
1933,Katheryne,F
1933,Kathie,F
1933,Kathlean,F
1933,Kathleen,F
1933,Kathleen,M
1933,Kathleene,F
1933,Kathlene,F
1933,Kathlyn,F
1933,Kathreen,F
1933,Kathren,F
1933,Kathrene,F
1933,Kathrine,F
1933,Kathryn,F
1933,Kathryn,M
1933,Kathryne,F
1933,Kathy,F
1933,Kathyrn,F
1934,Catheryn,F
1934,Katha,F
1934,Katharine,F
1934,Katharyn,F
1934,Katheleen,F
1934,Kathelene,F
1934,Katherene,F
1934,Katherin,F
1934,Katherine,F
1934,Katherine,M
1934,Katherleen,F
1934,Kathern,F
1934,Katheryn,F
1934,Katheryne,F
1934,Kathie,F
1934,Kathlean,F
1934,Kathleen,F
1934,Kathleen,M
1934,Kathleene,F
1934,Kathlene,F
1934,Kathlyn,F
1934,Kathreen,F
1934,Kathren,F
1934,Kathrine,F
1934,Kathryn,F
1934,Kathryn,M
1934,Kathryne,F
1934,Kathy,F
1934,Kathyrn,F
1934,Katrine,F
1935,Catheryn,F
1935,Kathalene,F
1935,Katharine,F
1935,Katharyn,F
1935,Katheleen,F
1935,Kathelene,F
1935,Katherene,F
1935,Katherin,F
1935,Katherine,F
1935,Katherine,M
1935,Katherleen,F
1935,Kathern,F
1935,Katheryn,F
1935,Katheryne,F
1935,Kathie,F
1935,Kathleen,F
1935,Kathleen,M
1935,Kathleene,F
1935,Kathlene,F
1935,Kathlyn,F
1935,Kathrene,F
1935,Kathrin,F
1935,Kathrine,F
1935,Kathryn,F
1935,Kathryn,M
1935,Kathryne,F
1935,Kathy,F
1935,Kathyrn,F
1935,Katrine,F
1936,Catheryn,F
1936,Cathryne,F
1936,Katha,F
1936,Kathalene,F
1936,Katharine,F
1936,Katharyn,F
1936,Katheleen,F
1936,Kather,F
1936,Katherene,F
1936,Katherin,F
1936,Katherina,F
1936,Katherine,F
1936,Katherine,M
1936,Kathern,F
1936,Katheryn,F
1936,Katheryne,F
1936,Kathie,F
1936,Kathlean,F
1936,Kathleen,F
1936,Kathleen,M
1936,Kathlene,F
1936,Kathlyn,F
1936,Kathren,F
1936,Kathrine,F
1936,Kathryn,F
1936,Kathryn,M
1936,Kathryne,F
1936,Kathy,F
1936,Kathyrn,F
1937,Catheryn,F
1937,Cathryne,F
1937,Katha,F
1937,Katharine,F
1937,Katharyn,F
1937,Katheleen,F
1937,Kathelene,F
1937,Katherene,F
1937,Katherin,F
1937,Katherina,F
1937,Katherine,F
1937,Katherine,M
1937,Kathern,F
1937,Katheryn,F
1937,Katheryne,F
1937,Kathie,F
1937,Kathleen,F
1937,Kathleen,M
1937,Kathleene,F
1937,Kathlene,F
1937,Kathlyn,F
1937,Kathren,F
1937,Kathrin,F
1937,Kathrine,F
1937,Kathryn,F
1937,Kathryn,M
1937,Kathryne,F
1937,Kathy,F
1937,Kathyrn,F
1938,Catheryn,F
1938,Katerine,F
1938,Katha,F
1938,Katharine,F
1938,Katharyn,F
1938,Katheleen,F
1938,Kathelene,F
1938,Katherin,F
1938,Katherine,F
1938,Katherine,M
1938,Katherleen,F
1938,Kathern,F
1938,Katheryn,F
1938,Katheryne,F
1938,Kathey,F
1938,Kathi,F
1938,Kathie,F
1938,Kathlean,F
1938,Kathleen,F
1938,Kathleen,M
1938,Kathleene,F
1938,Kathlene,F
1938,Kathlyn,F
1938,Kathren,F
1938,Kathrine,F
1938,Kathryn,F
1938,Kathryne,F
1938,Kathy,F
1938,Kathyrn,F
1939,Catheryn,F
1939,Katha,F
1939,Kathalene,F
1939,Katharine,F
1939,Katheleen,F
1939,Kathelene,F
1939,Katherin,F
1939,Katherine,F
1939,Katherine,M
1939,Kathern,F
1939,Katheryn,F
1939,Katheryne,F
1939,Kathi,F
1939,Kathie,F
1939,Kathlean,F
1939,Kathleen,F
1939,Kathleen,M
1939,Kathleene,F
1939,Kathlene,F
1939,Kathlyn,F
1939,Kathrin,F
1939,Kathrine,F
1939,Kathryn,F
1939,Kathryn,M
1939,Kathryne,F
1939,Kathy,F
1939,Kathyrn,F
1939,Katrine,F
1940,Catheryn,F
1940,Katharine,F
1940,Katharyn,F
1940,Kathe,F
1940,Katheleen,F
1940,Kathelene,F
1940,Katherene,F
1940,Katherin,F
1940,Katherina,F
1940,Katherine,F
1940,Katherine,M
1940,Katherleen,F
1940,Kathern,F
1940,Katheryn,F
1940,Katheryne,F
1940,Kathey,F
1940,Kathi,F
1940,Kathie,F
1940,Kathlean,F
1940,Kathleen,F
1940,Kathleen,M
1940,Kathlene,F
1940,Kathlyn,F
1940,Kathreen,F
1940,Kathren,F
1940,Kathrine,F
1940,Kathryn,F
1940,Kathryn,M
1940,Kathryne,F
1940,Kathy,F
1940,Kathyrn,F
1941,Catheryn,F
1941,Katha,F
1941,Kathalene,F
1941,Katharine,F
1941,Katharyn,F
1941,Kathe,F
1941,Katheleen,F
1941,Kathelene,F
1941,Katherin,F
1941,Katherine,F
1941,Katherine,M
1941,Katherleen,F
1941,Kathern,F
1941,Katheryn,F
1941,Katheryne,F
1941,Kathey,F
1941,Kathi,F
1941,Kathie,F
1941,Kathleen,F
1941,Kathleen,M
1941,Kathleene,F
1941,Kathlene,F
1941,Kathlyn,F
1941,Kathreen,F
1941,Kathren,F
1941,Kathrine,F
1941,Kathryn,F
1941,Kathryn,M
1941,Kathryne,F
1941,Kathy,F
1941,Kathyrn,F
1941,Katrine,F
1942,Catheryn,F
1942,Cathryne,F
1942,Katha,F
1942,Kathalene,F
1942,Katharine,F
1942,Katharyn,F
1942,Kathe,F
1942,Katheleen,F
1942,Kathelene,F
1942,Katherene,F
1942,Katherin,F
1942,Katherine,F
1942,Katherine,M
1942,Kathern,F
1942,Katheryn,F
1942,Katheryne,F
1942,Kathey,F
1942,Kathi,F
1942,Kathie,F
1942,Kathlean,F
1942,Kathleen,F
1942,Kathleen,M
1942,Kathleene,F
1942,Kathlene,F
1942,Kathlyn,F
1942,Kathren,F
1942,Kathrin,F
1942,Kathrine,F
1942,Kathryn,F
1942,Kathryn,M
1942,Kathryne,F
1942,Kathy,F
1942,Kathy,M
1942,Kathye,F
1942,Kathyrn,F
1943,Catheryn,F
1943,Cathryne,F
1943,Katha,F
1943,Katharine,F
1943,Katharyn,F
1943,Kathe,F
1943,Katheleen,F
1943,Kathelene,F
1943,Katherene,F
1943,Katherin,F
1943,Katherine,F
1943,Katherine,M
1943,Katherleen,F
1943,Kathern,F
1943,Katheryn,F
1943,Katheryne,F
1943,Kathey,F
1943,Kathi,F
1943,Kathie,F
1943,Kathlean,F
1943,Kathlee,F
1943,Kathleen,F
1943,Kathleen,M
1943,Kathleene,F
1943,Kathlene,F
1943,Kathlyn,F
1943,Kathlynn,F
1943,Kathreen,F
1943,Kathrine,F
1943,Kathryn,F
1943,Kathryn,M
1943,Kathryne,F
1943,Kathy,F
1943,Kathy,M
1943,Kathye,F
1943,Kathyrn,F
1943,Katrine,F
1944,Catheryn,F
1944,Katha,F
1944,Kathalene,F
1944,Katharine,F
1944,Katharyn,F
1944,Kathe,F
1944,Katheen,F
1944,Katheleen,F
1944,Katherene,F
1944,Katherin,F
1944,Katherine,F
1944,Katherine,M
1944,Kathern,F
1944,Katheryn,F
1944,Katheryne,F
1944,Kathey,F
1944,Kathi,F
1944,Kathie,F
1944,Kathlean,F
1944,Kathleen,F
1944,Kathleen,M
1944,Kathleene,F
1944,Kathlene,F
1944,Kathlyn,F
1944,Kathreen,F
1944,Kathrin,F
1944,Kathrine,F
1944,Kathryn,F
1944,Kathryn,M
1944,Kathryne,F
1944,Kathy,F
1944,Kathy,M
1944,Kathye,F
1944,Kathyrn,F
1945,Catheryn,F
1945,Katha,F
1945,Kathaline,F
1945,Kathalyn,F
1945,Katharine,F
1945,Katharyn,F
1945,Kathe,F
1945,Katheleen,F
1945,Katherin,F
1945,Katherine,F
1945,Katherine,M
1945,Kathern,F
1945,Katheryn,F
1945,Katheryne,F
1945,Kathey,F
1945,Kathi,F
1945,Kathie,F
1945,Kathlean,F
1945,Kathleen,F
1945,Kathleen,M
1945,Kathleene,F
1945,Kathlene,F
1945,Kathlyn,F
1945,Kathlynn,F
1945,Kathreen,F
1945,Kathren,F
1945,Kathrene,F
1945,Kathrin,F
1945,Kathrine,F
1945,Kathryn,F
1945,Kathryn,M
1945,Kathryne,F
1945,Kathy,F
1945,Kathye,F
1945,Kathyrn,F
1946,Catheryn,F
1946,Cathryne,F
1946,Katha,F
1946,Kathalene,F
1946,Katharin,F
1946,Katharine,F
1946,Katharyn,F
1946,Kathe,F
1946,Kathee,F
1946,Katheleen,F
1946,Kathelene,F
1946,Katheline,F
1946,Katherene,F
1946,Katherin,F
1946,Katherina,F
1946,Katherine,F
1946,Katherine,M
1946,Katherleen,F
1946,Katherline,F
1946,Kathern,F
1946,Katheryn,F
1946,Katheryne,F
1946,Kathey,F
1946,Kathi,F
1946,Kathie,F
1946,Kathlean,F
1946,Kathleen,F
1946,Kathleen,M
1946,Kathleene,F
1946,Kathlen,F
1946,Kathlene,F
1946,Kathlyn,F
1946,Kathlynn,F
1946,Kathreen,F
1946,Kathren,F
1946,Kathrene,F
1946,Kathrin,F
1946,Kathrine,F
1946,Kathryn,F
1946,Kathryn,M
1946,Kathryne,F
1946,Kathy,F
1946,Kathy,M
1946,Kathyrn,F
1946,Katrine,F
1947,Catheryn,F
1947,Cathryne,F
1947,Katha,F
1947,Kathalene,F
1947,Katharine,F
1947,Katharyn,F
1947,Kathay,F
1947,Kathe,F
1947,Kathee,F
1947,Katheleen,F
1947,Kathelene,F
1947,Katherene,F
1947,Katherin,F
1947,Katherine,F
1947,Katherine,M
1947,Kathern,F
1947,Katheryn,F
1947,Katheryne,F
1947,Kathey,F
1947,Kathi,F
1947,Kathie,F
1947,Kathlean,F
1947,Kathlee,F
1947,Kathleen,F
1947,Kathleen,M
1947,Kathleene,F
1947,Kathlen,F
1947,Kathlene,F
1947,Kathlyn,F
1947,Kathlynn,F
1947,Kathreen,F
1947,Kathren,F
1947,Kathrene,F
1947,Kathrin,F
1947,Kathrine,F
1947,Kathryn,F
1947,Kathryn,M
1947,Kathryne,F
1947,Kathy,F
1947,Kathy,M
1947,Kathye,F
1947,Kathyrn,F
1947,Katrine,F
1948,Catheryn,F
1948,Cathryne,F
1948,Katha,F
1948,Kathalene,F
1948,Kathalyn,F
1948,Katharine,F
1948,Katharyn,F
1948,Kathe,F
1948,Kathee,F
1948,Katheen,F
1948,Katheleen,F
1948,Kathelene,F
1948,Katherene,F
1948,Katherin,F
1948,Katherina,F
1948,Katherine,F
1948,Katherine,M
1948,Katherleen,F
1948,Kathern,F
1948,Katheryn,F
1948,Katheryne,F
1948,Kathey,F
1948,Kathi,F
1948,Kathie,F
1948,Kathlean,F
1948,Kathlee,F
1948,Kathleen,F
1948,Kathleen,M
1948,Kathleene,F
1948,Kathlen,F
1948,Kathlene,F
1948,Kathlyn,F
1948,Kathlyne,F
1948,Kathlynn,F
1948,Kathreen,F
1948,Kathren,F
1948,Kathrin,F
1948,Kathrine,F
1948,Kathryn,F
1948,Kathryn,M
1948,Kathryne,F
1948,Kathrynn,F
1948,Kathy,F
1948,Kathy,M
1948,Kathye,F
1948,Kathyrn,F
1948,Katrine,F
1949,Catheryn,F
1949,Catheryne,F
1949,Cathryne,F
1949,Karyne,F
1949,Katha,F
1949,Katharine,F
1949,Katharyn,F
1949,Kathe,F
1949,Kathee,F
1949,Katheleen,F
1949,Kathelene,F
1949,Katherene,F
1949,Katherin,F
1949,Katherina,F
1949,Katherine,F
1949,Katherine,M
1949,Katherlene,F
1949,Kathern,F
1949,Katheryn,F
1949,Katheryne,F
1949,Kathey,F
1949,Kathi,F
1949,Kathie,F
1949,Kathlean,F
1949,Kathlee,F
1949,Kathleen,F
1949,Kathleen,M
1949,Kathleene,F
1949,Kathlen,F
1949,Kathlene,F
1949,Kathline,F
1949,Kathlyn,F
1949,Kathlyne,F
1949,Kathlynn,F
1949,Kathreen,F
1949,Kathren,F
1949,Kathrene,F
1949,Kathrin,F
1949,Kathrine,F
1949,Kathryn,F
1949,Kathryn,M
1949,Kathryne,F
1949,Kathy,F
1949,Kathy,M
1949,Kathye,F
1949,Kathylene,F
1949,Kathyrn,F
1949,Katrine,F
1950,Catherne,F
1950,Catheryn,F
1950,Cathryne,F
1950,Karlyne,F
1950,Katha,F
1950,Kathalene,F
1950,Katharine,F
1950,Katharyn,F
1950,Kathe,F
1950,Kathee,F
1950,Katheen,F
1950,Katheleen,F
1950,Katheran,F
1950,Katheren,F
1950,Katherene,F
1950,Katherin,F
1950,Katherina,F
1950,Katherine,F
1950,Katherine,M
1950,Katherleen,F
1950,Kathern,F
1950,Katherne,F
1950,Katheryn,F
1950,Katheryne,F
1950,Kathey,F
1950,Kathi,F
1950,Kathie,F
1950,Kathlean,F
1950,Kathlee,F
1950,Kathleen,F
1950,Kathleen,M
1950,Kathleene,F
1950,Kathlen,F
1950,Kathlene,F
1950,Kathline,F
1950,Kathlyn,F
1950,Kathlyne,F
1950,Kathlynn,F
1950,Kathreen,F
1950,Kathren,F
1950,Kathrene,F
1950,Kathrin,F
1950,Kathrine,F
1950,Kathryn,F
1950,Kathryn,M
1950,Kathryne,F
1950,Kathrynn,F
1950,Kathy,F
1950,Kathy,M
1950,Kathyanne,F
1950,Kathye,F
1950,Kathyrn,F
1950,Katrine,F
1951,Catheryn,F
1951,Cathryne,F
1951,Katha,F
1951,Kathalene,F
1951,Katharine,F
1951,Katharyn,F
1951,Katharyne,F
1951,Kathe,F
1951,Kathee,F
1951,Katheleen,F
1951,Kathelene,F
1951,Katheline,F
1951,Katheren,F
1951,Katherene,F
1951,Katherin,F
1951,Katherina,F
1951,Katherine,F
1951,Katherine,M
1951,Katherline,F
1951,Kathern,F
1951,Katheryn,F
1951,Katheryne,F
1951,Kathey,F
1951,Kathi,F
1951,Kathie,F
1951,Kathlean,F
1951,Kathlee,F
1951,Kathleen,F
1951,Kathleen,M
1951,Kathleene,F
1951,Kathlen,F
1951,Kathlene,F
1951,Kathline,F
1951,Kathlyn,F
1951,Kathlyne,F
1951,Kathlynn,F
1951,Kathreen,F
1951,Kathren,F
1951,Kathrin,F
1951,Kathrine,F
1951,Kathryn,F
1951,Kathryn,M
1951,Kathryne,F
1951,Kathrynn,F
1951,Kathy,F
1951,Kathy,M
1951,Kathyann,F
1951,Kathye,F
1951,Kathylene,F
1951,Kathyrn,F
1951,Kathyrne,F
1951,Katrine,F
1952,Catheryn,F
1952,Catheryne,F
1952,Cathryne,F
1952,Katha,F
1952,Kathalene,F
1952,Kathalyn,F
1952,Katharine,F
1952,Katharyn,F
1952,Kathe,F
1952,Kathee,F
1952,Katheen,F
1952,Katheleen,F
1952,Kathelene,F
1952,Katheran,F
1952,Katheren,F
1952,Katherene,F
1952,Katherin,F
1952,Katherina,F
1952,Katherine,F
1952,Katherine,M
1952,Kathern,F
1952,Katheryn,F
1952,Katheryne,F
1952,Kathey,F
1952,Kathi,F
1952,Kathie,F
1952,Kathlean,F
1952,Kathleen,F
1952,Kathleen,M
1952,Kathleene,F
1952,Kathlen,F
1952,Kathlene,F
1952,Kathline,F
1952,Kathlyn,F
1952,Kathlyne,F
1952,Kathlynn,F
1952,Kathran,F
1952,Kathreen,F
1952,Kathren,F
1952,Kathrene,F
1952,Kathrin,F
1952,Kathrine,F
1952,Kathryn,F
1952,Kathryn,M
1952,Kathryne,F
1952,Kathrynn,F
1952,Kathy,F
1952,Kathy,M
1952,Kathyann,F
1952,Kathye,F
1952,Kathyjo,F
1952,Kathyren,F
1952,Kathyrn,F
1953,Catheryn,F
1953,Catheryne,F
1953,Cathryne,F
1953,Katha,F
1953,Kathalene,F
1953,Katharine,F
1953,Katharyn,F
1953,Kathe,F
1953,Kathee,F
1953,Katheen,F
1953,Katheleen,F
1953,Kathelene,F
1953,Katheren,F
1953,Katherene,F
1953,Katherin,F
1953,Katherina,F
1953,Katherine,F
1953,Katherine,M
1953,Kathern,F
1953,Katheryn,F
1953,Katheryne,F
1953,Kathey,F
1953,Kathi,F
1953,Kathie,F
1953,Kathlean,F
1953,Kathlee,F
1953,Kathleen,F
1953,Kathleen,M
1953,Kathleene,F
1953,Kathlen,F
1953,Kathlene,F
1953,Kathline,F
1953,Kathlyn,F
1953,Kathlyne,F
1953,Kathlynn,F
1953,Kathreen,F
1953,Kathren,F
1953,Kathrin,F
1953,Kathrine,F
1953,Kathryn,F
1953,Kathryn,M
1953,Kathryne,F
1953,Kathy,F
1953,Kathy,M
1953,Kathyann,F
1953,Kathye,F
1953,Kathyren,F
1953,Kathyrine,F
1953,Kathyrn,F
1953,Katrine,F
1954,Catheryn,F
1954,Cathryne,F
1954,Katerine,F
1954,Katha,F
1954,Kathalene,F
1954,Kathalyn,F
1954,Katharine,F
1954,Katharyn,F
1954,Kathe,F
1954,Kathee,F
1954,Katheen,F
1954,Katheleen,F
1954,Kathelene,F
1954,Katheline,F
1954,Katherene,F
1954,Katherin,F
1954,Katherina,F
1954,Katherine,F
1954,Katherine,M
1954,Katherleen,F
1954,Kathern,F
1954,Katheryn,F
1954,Katheryne,F
1954,Kathey,F
1954,Kathi,F
1954,Kathia,F
1954,Kathie,F
1954,Kathlean,F
1954,Kathlee,F
1954,Kathleen,F
1954,Kathleen,M
1954,Kathleene,F
1954,Kathlen,F
1954,Kathlene,F
1954,Kathline,F
1954,Kathlyn,F
1954,Kathlynn,F
1954,Kathreen,F
1954,Kathren,F
1954,Kathrene,F
1954,Kathrin,F
1954,Kathrina,F
1954,Kathrine,F
1954,Kathry,F
1954,Kathryn,F
1954,Kathryn,M
1954,Kathryne,F
1954,Kathy,F
1954,Kathy,M
1954,Kathyann,F
1954,Kathye,F
1954,Kathyn,F
1954,Kathyrn,F
1954,Katrine,F
1955,Catheryn,F
1955,Catheryne,F
1955,Katerine,F
1955,Katha,F
1955,Kathalene,F
1955,Katharine,F
1955,Katharyn,F
1955,Kathe,F
1955,Kathee,F
1955,Katheen,F
1955,Katheleen,F
1955,Katheren,F
1955,Katherene,F
1955,Katherin,F
1955,Katherina,F
1955,Katherine,F
1955,Katherine,M
1955,Kathern,F
1955,Katheryn,F
1955,Katheryne,F
1955,Kathey,F
1955,Kathi,F
1955,Kathie,F
1955,Kathlean,F
1955,Kathlee,F
1955,Kathleen,F
1955,Kathleen,M
1955,Kathleene,F
1955,Kathlene,F
1955,Kathline,F
1955,Kathlyn,F
1955,Kathlynn,F
1955,Kathreen,F
1955,Kathren,F
1955,Kathrin,F
1955,Kathrina,F
1955,Kathrine,F
1955,Kathryn,F
1955,Kathryn,M
1955,Kathryne,F
1955,Kathrynn,F
1955,Kathy,F
1955,Kathy,M
1955,Kathye,F
1955,Kathyern,F
1955,Kathyren,F
1955,Kathyrn,F
1955,Katrine,F
1956,Catheryn,F
1956,Catheryne,F
1956,Cathryne,F
1956,Kath,F
1956,Katha,F
1956,Katharine,F
1956,Katharyn,F
1956,Kathe,F
1956,Kathee,F
1956,Katheen,F
1956,Katheleen,F
1956,Katheran,F
1956,Katheren,F
1956,Katherene,F
1956,Katherin,F
1956,Katherina,F
1956,Katherine,F
1956,Katherine,M
1956,Katherleen,F
1956,Kathern,F
1956,Katheryn,F
1956,Katheryne,F
1956,Kathey,F
1956,Kathi,F
1956,Kathie,F
1956,Kathlean,F
1956,Kathlee,F
1956,Kathleen,F
1956,Kathleen,M
1956,Kathleene,F
1956,Kathlen,F
1956,Kathlene,F
1956,Kathline,F
1956,Kathlyn,F
1956,Kathlynn,F
1956,Kathreen,F
1956,Kathren,F
1956,Kathrene,F
1956,Kathrin,F
1956,Kathrina,F
1956,Kathrine,F
1956,Kathryn,F
1956,Kathryn,M
1956,Kathryne,F
1956,Kathy,F
1956,Kathy,M
1956,Kathyann,F
1956,Kathye,F
1956,Kathylene,F
1956,Kathyrn,F
1956,Kayne,F
1957,Catheryn,F
1957,Catheryne,F
1957,Cathryne,F
1957,Kath,F
1957,Katha,F
1957,Kathalene,F
1957,Kathaline,F
1957,Katharin,F
1957,Katharine,F
1957,Katharyn,F
1957,Kathe,F
1957,Kathee,F
1957,Katheen,F
1957,Katheleen,F
1957,Katherene,F
1957,Katherin,F
1957,Katherina,F
1957,Katherine,F
1957,Katherine,M
1957,Kathern,F
1957,Katheryn,F
1957,Katheryne,F
1957,Kathey,F
1957,Kathi,F
1957,Kathie,F
1957,Kathleen,F
1957,Kathleen,M
1957,Kathleene,F
1957,Kathlene,F
1957,Kathline,F
1957,Kathllen,F
1957,Kathlyn,F
1957,Kathreen,F
1957,Kathren,F
1957,Kathrene,F
1957,Kathrin,F
1957,Kathrina,F
1957,Kathrine,F
1957,Kathryn,F
1957,Kathryn,M
1957,Kathryne,F
1957,Kathy,F
1957,Kathy,M
1957,Kathyann,F
1957,Kathye,F
1957,Kathyrn,F
1957,Katrine,F
1957,Katryn,F
1958,Catheryn,F
1958,Cathryne,F
1958,Katerine,F
1958,Kath,F
1958,Katha,F
1958,Kathalene,F
1958,Kathaline,F
1958,Katharine,F
1958,Katharyn,F
1958,Kathe,F
1958,Kathee,F
1958,Katheen,F
1958,Katheine,F
1958,Katheleen,F
1958,Katheline,F
1958,Katheren,F
1958,Katherene,F
1958,Katherin,F
1958,Katherina,F
1958,Katherine,F
1958,Katherine,M
1958,Kathern,F
1958,Katheryn,F
1958,Katheryne,F
1958,Kathey,F
1958,Kathi,F
1958,Kathie,F
1958,Kathlean,F
1958,Kathlee,F
1958,Kathleen,F
1958,Kathleen,M
1958,Kathleene,F
1958,Kathlene,F
1958,Kathline,F
1958,Kathllen,F
1958,Kathlyn,F
1958,Kathlynn,F
1958,Kathreen,F
1958,Kathren,F
1958,Kathrene,F
1958,Kathrin,F
1958,Kathrina,F
1958,Kathrine,F
1958,Kathryn,F
1958,Kathryn,M
1958,Kathryne,F
1958,Kathrynn,F
1958,Kathy,F
1958,Kathy,M
1958,Kathyann,F
1958,Kathye,F
1958,Kathyrn,F
1958,Kathyy,F
1958,Katrine,F
1959,Catheryn,F
1959,Cathryne,F
1959,Kath,F
1959,Katha,F
1959,Kathalene,F
1959,Katharin,F
1959,Katharine,F
1959,Katharyn,F
1959,Kathe,F
1959,Kathee,F
1959,Katheleen,F
1959,Katheline,F
1959,Katheren,F
1959,Katherin,F
1959,Katherina,F
1959,Katherine,F
1959,Katherine,M
1959,Katherleen,F
1959,Kathern,F
1959,Katheryn,F
1959,Katheryne,F
1959,Kathey,F
1959,Kathi,F
1959,Kathie,F
1959,Kathlean,F
1959,Kathlee,F
1959,Kathleen,F
1959,Kathleen,M
1959,Kathleene,F
1959,Kathlene,F
1959,Kathline,F
1959,Kathllen,F
1959,Kathlyn,F
1959,Kathlynn,F
1959,Kathreen,F
1959,Kathren,F
1959,Kathrene,F
1959,Kathrin,F
1959,Kathrina,F
1959,Kathrine,F
1959,Kathryn,F
1959,Kathryn,M
1959,Kathryne,F
1959,Kathy,F
1959,Kathy,M
1959,Kathyann,F
1959,Kathye,F
1959,Kathyn,F
1959,Kathyrn,F
1959,Katrine,F
1959,Katryn,F
1960,Catheryn,F
1960,Cathryne,F
1960,Kath,F
1960,Katha,F
1960,Kathalene,F
1960,Kathaline,F
1960,Katharine,F
1960,Katharyn,F
1960,Kathe,F
1960,Kathee,F
1960,Katheen,F
1960,Katheleen,F
1960,Katherene,F
1960,Katherin,F
1960,Katherina,F
1960,Katherine,F
1960,Katherine,M
1960,Kathern,F
1960,Katherne,F
1960,Katheryn,F
1960,Katheryne,F
1960,Kathey,F
1960,Kathi,F
1960,Kathie,F
1960,Kathlean,F
1960,Kathleen,F
1960,Kathleen,M
1960,Kathleene,F
1960,Kathlen,F
1960,Kathlene,F
1960,Kathline,F
1960,Kathlyn,F
1960,Kathlynn,F
1960,Kathreen,F
1960,Kathren,F
1960,Kathrin,F
1960,Kathrina,F
1960,Kathrine,F
1960,Kathryn,F
1960,Kathryn,M
1960,Kathryne,F
1960,Kathrynn,F
1960,Kathy,F
1960,Kathy,M
1960,Kathyann,F
1960,Kathye,F
1960,Kathyrn,F
1960,Katrine,F
1961,Catheryn,F
1961,Catheryne,F
1961,Cathryne,F
1961,Katha,F
1961,Katharine,F
1961,Katharyn,F
1961,Kathe,F
1961,Kathee,F
1961,Katheen,F
1961,Katheleen,F
1961,Katherene,F
1961,Katherin,F
1961,Katherina,F
1961,Katherine,F
1961,Katherine,M
1961,Katherleen,F
1961,Kathern,F
1961,Katheryn,F
1961,Katheryne,F
1961,Kathey,F
1961,Kathi,F
1961,Kathie,F
1961,Kathlean,F
1961,Kathlee,F
1961,Kathleen,F
1961,Kathleen,M
1961,Kathleene,F
1961,Kathlene,F
1961,Kathline,F
1961,Kathlyn,F
1961,Kathlynn,F
1961,Kathren,F
1961,Kathrin,F
1961,Kathrina,F
1961,Kathrine,F
1961,Kathryn,F
1961,Kathryn,M
1961,Kathryne,F
1961,Kathy,F
1961,Kathy,M
1961,Kathyann,F
1961,Kathye,F
1961,Kathyrn,F
1961,Katrine,F
1961,Katryn,F
1961,Kayne,F
1962,Catheryn,F
1962,Cathryne,F
1962,Karlyne,F
1962,Katha,F
1962,Katharine,F
1962,Katharyn,F
1962,Kathe,F
1962,Kathee,F
1962,Katheen,F
1962,Katheine,F
1962,Katheleen,F
1962,Katherene,F
1962,Katherin,F
1962,Katherina,F
1962,Katherine,F
1962,Katherine,M
1962,Kathern,F
1962,Katheryn,F
1962,Katheryne,F
1962,Kathey,F
1962,Kathi,F
1962,Kathie,F
1962,Kathlean,F
1962,Kathleen,F
1962,Kathleen,M
1962,Kathleene,F
1962,Kathlene,F
1962,Kathline,F
1962,Kathlyn,F
1962,Kathreen,F
1962,Kathren,F
1962,Kathrin,F
1962,Kathrina,F
1962,Kathrine,F
1962,Kathryn,F
1962,Kathryn,M
1962,Kathryne,F
1962,Kathy,F
1962,Kathy,M
1962,Kathyann,F
1962,Kathye,F
1962,Kathyn,F
1962,Kathyren,F
1962,Kathyrn,F
1962,Katrine,F
1962,Katryn,F
1962,Kayne,F
1963,Catheryn,F
1963,Karyne,F
1963,Katerine,F
1963,Katha,F
1963,Katharine,F
1963,Katharyn,F
1963,Kathe,F
1963,Kathee,F
1963,Katheen,F
1963,Katheleen,F
1963,Katherene,F
1963,Katherin,F
1963,Katherina,F
1963,Katherine,F
1963,Katherine,M
1963,Katherleen,F
1963,Kathern,F
1963,Katheryn,F
1963,Katheryne,F
1963,Kathey,F
1963,Kathi,F
1963,Kathie,F
1963,Kathlean,F
1963,Kathlee,F
1963,Kathleen,F
1963,Kathleen,M
1963,Kathlene,F
1963,Kathline,F
1963,Kathlyn,F
1963,Kathlynn,F
1963,Kathreen,F
1963,Kathren,F
1963,Kathrene,F
1963,Kathrin,F
1963,Kathrina,F
1963,Kathrine,F
1963,Kathryn,F
1963,Kathryn,M
1963,Kathryne,F
1963,Kathrynn,F
1963,Kathy,F
1963,Kathy,M
1963,Kathyann,F
1963,Kathyjo,F
1963,Kathyrn,F
1963,Katrine,F
1963,Katryn,F
1964,Catheryn,F
1964,Cathryne,F
1964,Katha,F
1964,Katharine,F
1964,Katharyn,F
1964,Kathe,F
1964,Kathee,F
1964,Katheen,F
1964,Katheleen,F
1964,Katheren,F
1964,Katherin,F
1964,Katherina,F
1964,Katherine,F
1964,Katherine,M
1964,Kathern,F
1964,Katheryn,F
1964,Katheryne,F
1964,Kathey,F
1964,Kathi,F
1964,Kathia,F
1964,Kathie,F
1964,Kathlee,F
1964,Kathleen,F
1964,Kathleen,M
1964,Kathleene,F
1964,Kathlene,F
1964,Kathlyn,F
1964,Kathlynn,F
1964,Kathreen,F
1964,Kathren,F
1964,Kathrin,F
1964,Kathrina,F
1964,Kathrine,F
1964,Kathryn,F
1964,Kathryn,M
1964,Kathryne,F
1964,Kathrynn,F
1964,Kathy,F
1964,Kathy,M
1964,Kathyann,F
1964,Kathyren,F
1964,Kathyrn,F
1964,Katrine,F
1965,Catheryn,F
1965,Catheryne,F
1965,Cathryne,F
1965,Katha,F
1965,Katharine,F
1965,Katharyn,F
1965,Kathe,F
1965,Katheen,F
1965,Katheleen,F
1965,Katheren,F
1965,Katherene,F
1965,Katherin,F
1965,Katherina,F
1965,Katherine,F
1965,Katherine,M
1965,Kathern,F
1965,Katheryn,F
1965,Katheryne,F
1965,Kathey,F
1965,Kathi,F
1965,Kathie,F
1965,Kathleen,F
1965,Kathleen,M
1965,Kathleene,F
1965,Kathlen,F
1965,Kathlene,F
1965,Kathline,F
1965,Kathlyn,F
1965,Kathren,F
1965,Kathrin,F
1965,Kathrina,F
1965,Kathrine,F
1965,Kathryn,F
1965,Kathryn,M
1965,Kathryne,F
1965,Kathy,F
1965,Kathy,M
1965,Kathyann,F
1965,Kathye,F
1965,Kathyjo,F
1965,Kathyrn,F
1965,Katrine,F
1965,Katryn,F
1966,Catheryn,F
1966,Kathalene,F
1966,Katharine,F
1966,Katharyn,F
1966,Kathe,F
1966,Katheleen,F
1966,Katherene,F
1966,Katherin,F
1966,Katherina,F
1966,Katherine,F
1966,Katherine,M
1966,Kathern,F
1966,Katheryn,F
1966,Katheryne,F
1966,Kathey,F
1966,Kathi,F
1966,Kathie,F
1966,Kathlean,F
1966,Kathlee,F
1966,Kathleen,F
1966,Kathleen,M
1966,Kathleene,F
1966,Kathlene,F
1966,Kathline,F
1966,Kathlyn,F
1966,Kathreen,F
1966,Kathren,F
1966,Kathrin,F
1966,Kathrina,F
1966,Kathrine,F
1966,Kathryn,F
1966,Kathryn,M
1966,Kathryne,F
1966,Kathy,F
1966,Kathy,M
1966,Kathyann,F
1966,Kathyjo,F
1966,Kathyrn,F
1966,Katrine,F
1967,Catheryn,F
1967,Cathryne,F
1967,Kathalene,F
1967,Katharine,F
1967,Katharyn,F
1967,Kathe,F
1967,Katheen,F
1967,Katheleen,F
1967,Katheren,F
1967,Katherin,F
1967,Katherina,F
1967,Katherine,F
1967,Katherine,M
1967,Kathern,F
1967,Katheryn,F
1967,Katheryne,F
1967,Kathey,F
1967,Kathi,F
1967,Kathie,F
1967,Kathlean,F
1967,Kathleen,F
1967,Kathleen,M
1967,Kathleene,F
1967,Kathlene,F
1967,Kathline,F
1967,Kathlyn,F
1967,Kathlynn,F
1967,Kathreen,F
1967,Kathren,F
1967,Kathrene,F
1967,Kathrin,F
1967,Kathrina,F
1967,Kathrine,F
1967,Kathryn,F
1967,Kathryne,F
1967,Kathy,F
1967,Kathy,M
1967,Kathyann,F
1967,Kathye,F
1967,Kathyrn,F
1967,Katrine,F
1968,Catheryn,F
1968,Katha,F
1968,Kathalene,F
1968,Katharine,F
1968,Katharyn,F
1968,Kathe,F
1968,Katheine,F
1968,Katheleen,F
1968,Katherene,F
1968,Katherin,F
1968,Katherina,F
1968,Katherine,F
1968,Katherine,M
1968,Kathern,F
1968,Katheryn,F
1968,Katheryne,F
1968,Kathey,F
1968,Kathi,F
1968,Kathie,F
1968,Kathlean,F
1968,Kathleen,F
1968,Kathleen,M
1968,Kathleene,F
1968,Kathlene,F
1968,Kathline,F
1968,Kathlyn,F
1968,Kathreen,F
1968,Kathren,F
1968,Kathrene,F
1968,Kathrin,F
1968,Kathrina,F
1968,Kathrine,F
1968,Kathryn,F
1968,Kathryn,M
1968,Kathryne,F
1968,Kathy,F
1968,Kathy,M
1968,Kathyrn,F
1968,Katrine,F
1969,Catheryn,F
1969,Katerine,F
1969,Katha,F
1969,Kathalene,F
1969,Katharin,F
1969,Katharine,F
1969,Katharyn,F
1969,Kathe,F
1969,Katheleen,F
1969,Katherin,F
1969,Katherina,F
1969,Katherine,F
1969,Katherine,M
1969,Kathern,F
1969,Katheryn,F
1969,Katheryne,F
1969,Kathey,F
1969,Kathi,F
1969,Kathie,F
1969,Kathleen,F
1969,Kathleen,M
1969,Kathleene,F
1969,Kathlena,F
1969,Kathlene,F
1969,Kathline,F
1969,Kathlyn,F
1969,Kathren,F
1969,Kathrin,F
1969,Kathrina,F
1969,Kathrine,F
1969,Kathryn,F
1969,Kathryne,F
1969,Kathy,F
1969,Kathy,M
1969,Kathyann,F
1969,Kathye,F
1969,Kathyjo,F
1969,Kathyrn,F
1969,Katrine,F
1969,Katryn,F
1969,Katryna,F
1970,Catheryn,F
1970,Katha,F
1970,Kathalene,F
1970,Katharine,F
1970,Katharyn,F
1970,Kathe,F
1970,Katheen,F
1970,Katheleen,F
1970,Katherin,F
1970,Katherina,F
1970,Katherine,F
1970,Katherine,M
1970,Kathern,F
1970,Katherne,F
1970,Katheryn,F
1970,Katheryne,F
1970,Kathey,F
1970,Kathi,F
1970,Kathie,F
1970,Kathlee,F
1970,Kathleen,F
1970,Kathleen,M
1970,Kathleene,F
1970,Kathlene,F
1970,Kathline,F
1970,Kathlyn,F
1970,Kathlynn,F
1970,Kathren,F
1970,Kathrin,F
1970,Kathrina,F
1970,Kathrine,F
1970,Kathryn,F
1970,Kathryn,M
1970,Kathryne,F
1970,Kathy,F
1970,Kathy,M
1970,Kathyann,F
1970,Kathye,F
1970,Kathyjo,F
1970,Kathyrn,F
1970,Katrine,F
1970,Katryn,F
1970,Katryna,F
1970,Kayne,M
1971,Catheryn,F
1971,Katerine,F
1971,Kathalene,F
1971,Katharine,F
1971,Katharyn,F
1971,Kathe,F
1971,Katheleen,F
1971,Katherene,F
1971,Katherin,F
1971,Katherina,F
1971,Katherine,F
1971,Katherine,M
1971,Kathern,F
1971,Katheryn,F
1971,Katheryne,F
1971,Kathey,F
1971,Kathi,F
1971,Kathia,F
1971,Kathie,F
1971,Kathlean,F
1971,Kathleen,F
1971,Kathleen,M
1971,Kathlene,F
1971,Kathline,F
1971,Kathlyn,F
1971,Kathlyne,F
1971,Kathlynn,F
1971,Kathreen,F
1971,Kathren,F
1971,Kathrene,F
1971,Kathrin,F
1971,Kathrina,F
1971,Kathrine,F
1971,Kathryn,F
1971,Kathryn,M
1971,Kathryne,F
1971,Kathy,F
1971,Kathy,M
1971,Kathyann,F
1971,Kathyjo,F
1971,Kathyrn,F
1971,Kathyrne,F
1971,Katrine,F
1971,Katryna,F
1971,Marykatherine,F
1972,Catheryn,F
1972,Catheryne,F
1972,Katerine,F
1972,Katha,F
1972,Katharine,F
1972,Katharyn,F
1972,Katheleen,F
1972,Katherin,F
1972,Katherina,F
1972,Katherine,F
1972,Katherine,M
1972,Kathern,F
1972,Katheryn,F
1972,Katheryne,F
1972,Kathey,F
1972,Kathi,F
1972,Kathia,F
1972,Kathie,F
1972,Kathina,F
1972,Kathleen,F
1972,Kathleen,M
1972,Kathlena,F
1972,Kathlene,F
1972,Kathlyn,F
1972,Kathren,F
1972,Kathrene,F
1972,Kathrin,F
1972,Kathrina,F
1972,Kathrine,F
1972,Kathryn,F
1972,Kathryn,M
1972,Kathryne,F
1972,Kathy,F
1972,Kathy,M
1972,Kathyann,F
1972,Kathyjo,F
1972,Kathyrn,F
1972,Katine,F
1972,Katrine,F
1973,Catheryn,F
1973,Cathryne,F
1973,Katha,F
1973,Kathalene,F
1973,Katharine,F
1973,Katharyn,F
1973,Katheleen,F
1973,Katherene,F
1973,Katherin,F
1973,Katherina,F
1973,Katherine,F
1973,Katherine,M
1973,Kathern,F
1973,Katheryn,F
1973,Katheryne,F
1973,Kathey,F
1973,Kathi,F
1973,Kathia,F
1973,Kathie,F
1973,Kathlee,F
1973,Kathleen,F
1973,Kathleen,M
1973,Kathlene,F
1973,Kathline,F
1973,Kathlyn,F
1973,Kathreen,F
1973,Kathren,F
1973,Kathrin,F
1973,Kathrina,F
1973,Kathrine,F
1973,Kathryn,F
1973,Kathryn,M
1973,Kathryne,F
1973,Kathy,F
1973,Kathy,M
1973,Kathya,F
1973,Kathyjo,F
1973,Kathyrn,F
1973,Katine,F
1973,Katrine,F
1973,Katryn,F
1973,Katryna,F
1973,Kayne,M
1974,Catheryn,F
1974,Katerine,F
1974,Katharine,F
1974,Katharyn,F
1974,Kathe,F
1974,Katheleen,F
1974,Katherin,F
1974,Katherina,F
1974,Katherine,F
1974,Katherine,M
1974,Kathern,F
1974,Katheryn,F
1974,Katheryne,F
1974,Kathi,F
1974,Kathia,F
1974,Kathie,F
1974,Kathlean,F
1974,Kathleen,F
1974,Kathleen,M
1974,Kathlene,F
1974,Kathline,F
1974,Kathlyn,F
1974,Kathren,F
1974,Kathrin,F
1974,Kathrina,F
1974,Kathrine,F
1974,Kathryn,F
1974,Kathryn,M
1974,Kathryne,F
1974,Kathrynn,F
1974,Kathy,F
1974,Kathy,M
1974,Kathyjo,F
1974,Kathyrn,F
1974,Katine,F
1974,Katrine,F
1974,Katryna,F
1974,Kayne,M
1975,Catheryn,F
1975,Karyne,F
1975,Katharine,F
1975,Katharyn,F
1975,Kathe,F
1975,Katheleen,F
1975,Katherin,F
1975,Katherina,F
1975,Katherine,F
1975,Katherine,M
1975,Kathern,F
1975,Katheryn,F
1975,Katheryne,F
1975,Kathi,F
1975,Kathia,F
1975,Kathie,F
1975,Kathleen,F
1975,Kathleen,M
1975,Kathlene,F
1975,Kathlyn,F
1975,Kathlynn,F
1975,Kathren,F
1975,Kathrin,F
1975,Kathrina,F
1975,Kathrine,F
1975,Kathryn,F
1975,Kathryn,M
1975,Kathryne,F
1975,Kathy,F
1975,Kathy,M
1975,Kathyjo,F
1975,Kathyrn,F
1975,Katrine,F
1975,Katryna,F
1975,Kayne,M
1975,Marykatherine,F
1976,Catheryn,F
1976,Katharine,F
1976,Katharyn,F
1976,Katheleen,F
1976,Katherene,F
1976,Katherin,F
1976,Katherina,F
1976,Katherine,F
1976,Katherine,M
1976,Kathern,F
1976,Katheryn,F
1976,Katheryne,F
1976,Kathey,F
1976,Kathi,F
1976,Kathie,F
1976,Kathleen,F
1976,Kathleen,M
1976,Kathlene,F
1976,Kathlyn,F
1976,Kathren,F
1976,Kathrin,F
1976,Kathrina,F
1976,Kathrine,F
1976,Kathryn,F
1976,Kathryn,M
1976,Kathryne,F
1976,Kathy,F
1976,Kathy,M
1976,Kathya,F
1976,Kathyjo,F
1976,Kathyrn,F
1976,Katrine,F
1976,Katryn,F
1976,Katryna,F
1976,Kayne,M
1976,Marykatherine,F
1977,Catheryn,F
1977,Katerine,F
1977,Katharin,F
1977,Katharine,F
1977,Katharyn,F
1977,Katheleen,F
1977,Katherin,F
1977,Katherina,F
1977,Katherine,F
1977,Katherine,M
1977,Kathern,F
1977,Katheryn,F
1977,Katheryne,F
1977,Kathey,F
1977,Kathi,F
1977,Kathia,F
1977,Kathie,F
1977,Kathleen,F
1977,Kathleen,M
1977,Kathlene,F
1977,Kathlyn,F
1977,Kathlynn,F
1977,Kathren,F
1977,Kathrin,F
1977,Kathrina,F
1977,Kathrine,F
1977,Kathryn,F
1977,Kathryn,M
1977,Kathryne,F
1977,Kathrynn,F
1977,Kathy,F
1977,Kathyrn,F
1977,Katrine,F
1977,Katryn,F
1977,Kayne,M
1978,Catheryn,F
1978,Cathryne,F
1978,Katerine,F
1978,Katharine,F
1978,Katharyn,F
1978,Katheleen,F
1978,Katherin,F
1978,Katherina,F
1978,Katherine,F
1978,Katherine,M
1978,Kathern,F
1978,Katheryn,F
1978,Katheryne,F
1978,Kathi,F
1978,Kathia,F
1978,Kathie,F
1978,Kathleen,F
1978,Kathleen,M
1978,Kathlene,F
1978,Kathlyn,F
1978,Kathlynn,F
1978,Kathreen,F
1978,Kathren,F
1978,Kathrin,F
1978,Kathrina,F
1978,Kathrine,F
1978,Kathryn,F
1978,Kathryn,M
1978,Kathryne,F
1978,Kathrynn,F
1978,Kathy,F
1978,Kathy,M
1978,Kathyjo,F
1978,Kathyrn,F
1978,Katrine,F
1978,Katryn,F
1978,Katryna,F
1978,Kayne,M
1978,Marykatherine,F
1979,Catheryn,F
1979,Cathryne,F
1979,Katerine,F
1979,Kathalene,F
1979,Katharin,F
1979,Katharine,F
1979,Katharyn,F
1979,Katherin,F
1979,Katherina,F
1979,Katherine,F
1979,Katherine,M
1979,Kathern,F
1979,Katheryn,F
1979,Katheryne,F
1979,Kathi,F
1979,Kathia,F
1979,Kathie,F
1979,Kathiria,F
1979,Kathleen,F
1979,Kathleen,M
1979,Kathlene,F
1979,Kathlyn,F
1979,Kathlynn,F
1979,Kathreen,F
1979,Kathren,F
1979,Kathrene,F
1979,Kathrin,F
1979,Kathrina,F
1979,Kathrine,F
1979,Kathryn,F
1979,Kathryn,M
1979,Kathryne,F
1979,Kathy,F
1979,Kathy,M
1979,Kathyjo,F
1979,Kathyrn,F
1979,Katrine,F
1979,Katryn,F
1979,Katryna,F
1979,Ktherine,F
1979,Marykatherine,F
1980,Catheryn,F
1980,Catheryne,F
1980,Katerine,F
1980,Katharine,F
1980,Katharyn,F
1980,Katheine,F
1980,Katheleen,F
1980,Katherene,F
1980,Katherin,F
1980,Katherina,F
1980,Katherine,F
1980,Katherine,M
1980,Kathern,F
1980,Katheryn,F
1980,Katheryne,F
1980,Kathi,F
1980,Kathia,F
1980,Kathie,F
1980,Kathiria,F
1980,Kathleen,F
1980,Kathleen,M
1980,Kathlene,F
1980,Kathlyn,F
1980,Kathlynn,F
1980,Kathren,F
1980,Kathrin,F
1980,Kathrina,F
1980,Kathrine,F
1980,Kathry,F
1980,Kathryn,F
1980,Kathryn,M
1980,Kathryne,F
1980,Kathy,F
1980,Kathy,M
1980,Kathyrn,F
1980,Katrine,F
1980,Katryn,F
1980,Katryna,F
1980,Kayne,M
1980,Marykatherine,F
1981,Catheryn,F
1981,Katerine,F
1981,Katharine,F
1981,Katharyn,F
1981,Kathe,F
1981,Katheleen,F
1981,Katherin,F
1981,Katherina,F
1981,Katherine,F
1981,Katherine,M
1981,Kathern,F
1981,Katheryn,F
1981,Katheryne,F
1981,Kathi,F
1981,Kathia,F
1981,Kathie,F
1981,Kathiria,F
1981,Kathleen,F
1981,Kathleen,M
1981,Kathlena,F
1981,Kathlene,F
1981,Kathlyn,F
1981,Kathlynn,F
1981,Kathreen,F
1981,Kathren,F
1981,Kathrin,F
1981,Kathrina,F
1981,Kathrine,F
1981,Kathryn,F
1981,Kathryn,M
1981,Kathryne,F
1981,Kathy,F
1981,Kathyann,F
1981,Kathyria,F
1981,Kathyrn,F
1981,Katianne,F
1981,Katrine,F
1981,Katryn,F
1981,Katryna,F
1981,Kayne,M
1981,Marykatherine,F
1982,Atherine,F
1982,Catheryn,F
1982,Cathryne,F
1982,Katerine,F
1982,Kateryna,F
1982,Katharine,F
1982,Katharyn,F
1982,Kathe,F
1982,Katheine,F
1982,Katheleen,F
1982,Katherin,F
1982,Katherina,F
1982,Katherine,F
1982,Katherine,M
1982,Kathern,F
1982,Katheryn,F
1982,Katheryne,F
1982,Kathi,F
1982,Kathia,F
1982,Kathie,F
1982,Kathleen,F
1982,Kathleen,M
1982,Kathlene,F
1982,Kathlyn,F
1982,Kathlynn,F
1982,Kathreen,F
1982,Kathren,F
1982,Kathrin,F
1982,Kathrina,F
1982,Kathrine,F
1982,Kathryn,F
1982,Kathryn,M
1982,Kathryne,F
1982,Kathrynn,F
1982,Kathy,F
1982,Kathy,M
1982,Kathyrn,F
1982,Katianne,F
1982,Katrine,F
1982,Katryn,F
1982,Katryna,F
1982,Kayne,M
1982,Marykatherine,F
1983,Atherine,F
1983,Catheryn,F
1983,Cathryne,F
1983,Karynne,F
1983,Katerine,F
1983,Katharine,F
1983,Katharyn,F
1983,Kathe,F
1983,Kathelyn,F
1983,Katherene,F
1983,Katherin,F
1983,Katherina,F
1983,Katherine,F
1983,Katherine,M
1983,Kathern,F
1983,Katheryn,F
1983,Katheryne,F
1983,Kathi,F
1983,Kathia,F
1983,Kathie,F
1983,Kathina,F
1983,Kathleen,F
1983,Kathleen,M
1983,Kathlene,F
1983,Kathlyn,F
1983,Kathreen,F
1983,Kathren,F
1983,Kathrin,F
1983,Kathrina,F
1983,Kathrine,F
1983,Kathry,F
1983,Kathryn,F
1983,Kathryn,M
1983,Kathryne,F
1983,Kathrynn,F
1983,Kathy,F
1983,Kathy,M
1983,Kathya,F
1983,Kathyrn,F
1983,Katrine,F
1983,Katryn,F
1983,Katryna,F
1983,Kayne,M
1983,Marykatherine,F
1984,Atherine,F
1984,Catheryn,F
1984,Cathryne,F
1984,Katerine,F
1984,Katharine,F
1984,Katharine,M
1984,Katharyn,F
1984,Katheleen,F
1984,Kathelyn,F
1984,Katherene,F
1984,Katherin,F
1984,Katherina,F
1984,Katherine,F
1984,Katherine,M
1984,Kathern,F
1984,Katheryn,F
1984,Katheryne,F
1984,Kathi,F
1984,Kathia,F
1984,Kathie,F
1984,Kathleen,F
1984,Kathleen,M
1984,Kathlene,F
1984,Kathlyn,F
1984,Kathlynn,F
1984,Kathreen,F
1984,Kathren,F
1984,Kathrin,F
1984,Kathrina,F
1984,Kathrine,F
1984,Kathry,F
1984,Kathryn,F
1984,Kathryn,M
1984,Kathryne,F
1984,Kathrynn,F
1984,Kathrynne,F
1984,Kathy,F
1984,Kathy,M
1984,Kathya,F
1984,Kathyria,F
1984,Kathyrn,F
1984,Katrine,F
1984,Katryn,F
1984,Katryna,F
1984,Kayne,M
1984,Keather,F
1984,Marykatherine,F
1985,Catheryn,F
1985,Catheryne,F
1985,Cathryne,F
1985,Katerine,F
1985,Katharine,F
1985,Katharine,M
1985,Katharyn,F
1985,Katheleen,F
1985,Kathelyn,F
1985,Katherin,F
1985,Katherina,F
1985,Katherine,F
1985,Katherine,M
1985,Kathern,F
1985,Katheryn,F
1985,Katheryne,F
1985,Kathi,F
1985,Kathia,F
1985,Kathie,F
1985,Kathleen,F
1985,Kathleen,M
1985,Kathlena,F
1985,Kathlene,F
1985,Kathline,F
1985,Kathlyn,F
1985,Kathlynn,F
1985,Kathreen,F
1985,Kathren,F
1985,Kathrin,F
1985,Kathrina,F
1985,Kathrine,F
1985,Kathryn,F
1985,Kathryn,M
1985,Kathryne,F
1985,Kathy,F
1985,Kathya,F
1985,Kathyrn,F
1985,Katianne,F
1985,Katrine,F
1985,Katryn,F
1985,Katryna,F
1985,Kayne,M
1985,Marykatherine,F
1986,Atherine,F
1986,Catheryn,F
1986,Catheryne,F
1986,Cathryne,F
1986,Katerine,F
1986,Katharin,F
1986,Katharine,F
1986,Katharyn,F
1986,Katheine,F
1986,Katheleen,F
1986,Katheline,F
1986,Kathelyn,F
1986,Katherin,F
1986,Katherina,F
1986,Katherine,F
1986,Katherine,M
1986,Kathern,F
1986,Katheryn,F
1986,Katheryne,F
1986,Kathi,F
1986,Kathia,F
1986,Kathie,F
1986,Kathleen,F
1986,Kathleen,M
1986,Kathlene,F
1986,Kathlyn,F
1986,Kathlynn,F
1986,Kathren,F
1986,Kathrene,F
1986,Kathrin,F
1986,Kathrina,F
1986,Kathrine,F
1986,Kathry,F
1986,Kathryn,F
1986,Kathryn,M
1986,Kathryne,F
1986,Kathrynn,F
1986,Kathrynne,F
1986,Kathy,F
1986,Kathya,F
1986,Kathyrn,F
1986,Katianne,F
1986,Katrine,F
1986,Katryn,F
1986,Katryna,F
1986,Kayne,M
1986,Keather,F
1986,Marykatherine,F
1987,Atherine,F
1987,Catheryn,F
1987,Catheryne,F
1987,Katelyne,F
1987,Katerine,F
1987,Katharin,F
1987,Katharine,F
1987,Katharyn,F
1987,Katharyne,F
1987,Kathe,F
1987,Katheine,F
1987,Katheleen,F
1987,Katheline,F
1987,Kathelyn,F
1987,Katheren,F
1987,Katherin,F
1987,Katherina,F
1987,Katherine,F
1987,Katherine,M
1987,Kathern,F
1987,Katheryn,F
1987,Katheryne,F
1987,Kathi,F
1987,Kathia,F
1987,Kathie,F
1987,Kathleen,F
1987,Kathleen,M
1987,Kathlene,F
1987,Kathlina,F
1987,Kathline,F
1987,Kathlyn,F
1987,Kathlynn,F
1987,Kathreen,F
1987,Kathren,F
1987,Kathrin,F
1987,Kathrina,F
1987,Kathrine,F
1987,Kathryn,F
1987,Kathryn,M
1987,Kathryne,F
1987,Kathrynn,F
1987,Kathy,F
1987,Kathyrn,F
1987,Katianne,F
1987,Katrine,F
1987,Katryn,F
1987,Katryna,F
1987,Kayne,M
1987,Keather,F
1987,Marykatherine,F
1988,Atherine,F
1988,Catheryn,F
1988,Cathryne,F
1988,Kalyne,F
1988,Kameryn,F
1988,Karolyne,F
1988,Katelyne,F
1988,Katerine,F
1988,Katharin,F
1988,Katharine,F
1988,Katharyn,F
1988,Katheine,F
1988,Katheleen,F
1988,Kathelyn,F
1988,Katheren,F
1988,Katherin,F
1988,Katherina,F
1988,Katherine,F
1988,Katherine,M
1988,Kathern,F
1988,Katheryn,F
1988,Katheryne,F
1988,Kathi,F
1988,Kathia,F
1988,Kathie,F
1988,Kathiria,F
1988,Kathlee,F
1988,Kathleen,F
1988,Kathleen,M
1988,Kathlene,F
1988,Kathlin,F
1988,Kathlyn,F
1988,Kathlynn,F
1988,Kathren,F
1988,Kathrin,F
1988,Kathrina,F
1988,Kathrine,F
1988,Kathryn,F
1988,Kathryn,M
1988,Kathryne,F
1988,Kathrynn,F
1988,Kathy,F
1988,Kathy,M
1988,Kathya,F
1988,Kathyrn,F
1988,Katianne,F
1988,Katlyne,F
1988,Katlynne,F
1988,Katrine,F
1988,Katryn,F
1988,Katryna,F
1988,Kaylyne,F
1988,Kayne,M
1988,Keather,F
1988,Marykatherine,F
1989,Catheryn,F
1989,Eryne,F
1989,Kaitlyne,F
1989,Kalyne,F
1989,Kameryn,F
1989,Katelyne,F
1989,Katerine,F
1989,Kathaline,F
1989,Katharin,F
1989,Katharine,F
1989,Katharyn,F
1989,Katharyne,F
1989,Kathelyn,F
1989,Katherin,F
1989,Katherina,F
1989,Katherine,F
1989,Katherine,M
1989,Kathern,F
1989,Katheryn,F
1989,Katheryne,F
1989,Kathi,F
1989,Kathia,F
1989,Kathie,F
1989,Kathiria,F
1989,Kathleen,F
1989,Kathleen,M
1989,Kathlena,F
1989,Kathlene,F
1989,Kathline,F
1989,Kathlyn,F
1989,Kathlynn,F
1989,Kathreen,F
1989,Kathren,F
1989,Kathrin,F
1989,Kathrina,F
1989,Kathrine,F
1989,Kathryn,F
1989,Kathryn,M
1989,Kathryne,F
1989,Kathrynn,F
1989,Kathy,F
1989,Kathya,F
1989,Kathyria,F
1989,Kathyrn,F
1989,Katianne,F
1989,Katlyne,F
1989,Katlynne,F
1989,Katrine,F
1989,Katryn,F
1989,Katryna,F
1989,Kayne,M
1989,Keather,F
1989,Marykatherine,F
1990,Catheryn,F
1990,Cathryne,F
1990,Kaitlyne,F
1990,Kameryn,F
1990,Karolyne,F
1990,Kateline,F
1990,Katelyne,F
1990,Katerine,F
1990,Kateryn,F
1990,Katharin,F
1990,Katharine,F
1990,Katharyn,F
1990,Kathe,F
1990,Katheleen,F
1990,Kathelyn,F
1990,Katheren,F
1990,Katherin,F
1990,Katherina,F
1990,Katherine,F
1990,Katherine,M
1990,Kathern,F
1990,Katheryn,F
1990,Katheryne,F
1990,Kathi,F
1990,Kathia,F
1990,Kathie,F
1990,Kathleen,F
1990,Kathleen,M
1990,Kathlene,F
1990,Kathline,F
1990,Kathlyn,F
1990,Kathlynn,F
1990,Kathreen,F
1990,Kathren,F
1990,Kathrin,F
1990,Kathrina,F
1990,Kathrine,F
1990,Kathryn,F
1990,Kathryn,M
1990,Kathryne,F
1990,Kathrynn,F
1990,Kathy,F
1990,Kathya,F
1990,Kathyrn,F
1990,Katianne,F
1990,Katlyne,F
1990,Katlynne,F
1990,Katrine,F
1990,Katryn,F
1990,Katryna,F
1990,Kaylyne,F
1990,Kayne,M
1990,Marykatherine,F
1991,Catheryn,F
1991,Catheryne,F
1991,Cathryne,F
1991,Kaitlyne,F
1991,Kalyne,F
1991,Kameryn,F
1991,Kameryn,M
1991,Katelyne,F
1991,Katerine,F
1991,Katharine,F
1991,Katharyn,F
1991,Katheleen,F
1991,Katheline,F
1991,Kathelyn,F
1991,Katherin,F
1991,Katherina,F
1991,Katherine,F
1991,Katherine,M
1991,Katherinne,F
1991,Kathern,F
1991,Katheryn,F
1991,Katheryne,F
1991,Kathi,F
1991,Kathia,F
1991,Kathie,F
1991,Kathleen,F
1991,Kathleen,M
1991,Kathlena,F
1991,Kathlene,F
1991,Kathlin,F
1991,Kathlyn,F
1991,Kathlynn,F
1991,Kathreen,F
1991,Kathren,F
1991,Kathrin,F
1991,Kathrina,F
1991,Kathrine,F
1991,Kathryn,F
1991,Kathryn,M
1991,Kathryne,F
1991,Kathrynn,F
1991,Kathrynne,F
1991,Kathy,F
1991,Kathya,F
1991,Kathyrn,F
1991,Katianne,F
1991,Katlyne,F
1991,Katlynne,F
1991,Katrine,F
1991,Katryn,F
1991,Katryna,F
1991,Kayne,M
1991,Marykatherine,F
1992,Catheryn,F
1992,Catheryne,F
1992,Cathryne,F
1992,Kaitlyne,F
1992,Kalyne,F
1992,Kameryn,F
1992,Karolyne,F
1992,Kataryna,F
1992,Kateline,F
1992,Katelyne,F
1992,Katerine,F
1992,Kateryn,F
1992,Katharine,F
1992,Katharyn,F
1992,Kathe,F
1992,Katheleen,F
1992,Katheline,F
1992,Kathelyn,F
1992,Katherene,F
1992,Katherin,F
1992,Katherina,F
1992,Katherine,F
1992,Katherine,M
1992,Kathern,F
1992,Katheryn,F
1992,Katheryne,F
1992,Kathi,F
1992,Kathia,F
1992,Kathiana,F
1992,Kathie,F
1992,Kathleen,F
1992,Kathlene,F
1992,Kathlyn,F
1992,Kathlynn,F
1992,Kathreen,F
1992,Kathren,F
1992,Kathrin,F
1992,Kathrina,F
1992,Kathrine,F
1992,Kathryn,F
1992,Kathryn,M
1992,Kathryne,F
1992,Kathrynn,F
1992,Kathrynne,F
1992,Kathy,F
1992,Kathya,F
1992,Kathyria,F
1992,Kathyrn,F
1992,Katianne,F
1992,Katlyne,F
1992,Katlynne,F
1992,Katrine,F
1992,Katryn,F
1992,Katryna,F
1992,Kayne,M
1992,Marykatherine,F
1993,Catheryn,F
1993,Catheryne,F
1993,Cathryne,F
1993,Kaitlyne,F
1993,Kameryn,F
1993,Karalyne,F
1993,Karolyne,F
1993,Kateline,F
1993,Katelyne,F
1993,Katerine,F
1993,Katharine,F
1993,Katharyn,F
1993,Katheleen,F
1993,Kathelyn,F
1993,Katherin,F
1993,Katherina,F
1993,Katherine,F
1993,Katherine,M
1993,Kathern,F
1993,Katheryn,F
1993,Katheryne,F
1993,Kathi,F
1993,Kathia,F
1993,Kathie,F
1993,Kathleen,F
1993,Kathlene,F
1993,Kathlyn,F
1993,Kathlynn,F
1993,Kathreen,F
1993,Kathren,F
1993,Kathrin,F
1993,Kathrina,F
1993,Kathrine,F
1993,Kathryn,F
1993,Kathryn,M
1993,Kathrynanne,F
1993,Kathryne,F
1993,Kathrynn,F
1993,Kathrynne,F
1993,Kathy,F
1993,Kathya,F
1993,Kathyrn,F
1993,Katlyne,F
1993,Katlynne,F
1993,Katrine,F
1993,Katryn,F
1993,Katryna,F
1993,Kawayne,M
1993,Kayne,M
1993,Koryne,F
1993,Marykatherine,F
1994,Catheryn,F
1994,Cathryne,F
1994,Eryne,F
1994,Kaitlyne,F
1994,Kalyne,F
1994,Kameryn,F
1994,Karynne,F
1994,Kataryna,F
1994,Kateline,F
1994,Katelyne,F
1994,Katerine,F
1994,Kateryna,F
1994,Katharine,F
1994,Katharyn,F
1994,Katheleen,F
1994,Kathelyn,F
1994,Katherin,F
1994,Katherina,F
1994,Katherine,F
1994,Katherine,M
1994,Kathern,F
1994,Katheryn,F
1994,Katheryne,F
1994,Kathi,F
1994,Kathia,F
1994,Kathie,F
1994,Kathiria,F
1994,Kathleen,F
1994,Kathlen,F
1994,Kathlene,F
1994,Kathlyn,F
1994,Kathlynn,F
1994,Kathren,F
1994,Kathrene,F
1994,Kathrin,F
1994,Kathrina,F
1994,Kathrine,F
1994,Kathryn,F
1994,Kathryn,M
1994,Kathrynann,F
1994,Kathryne,F
1994,Kathrynn,F
1994,Kathy,F
1994,Kathya,F
1994,Kathyrn,F
1994,Katlyne,F
1994,Katlynne,F
1994,Katrine,F
1994,Katryn,F
1994,Katryna,F
1994,Kayne,M
1994,Marykatherine,F
1995,Catheryn,F
1995,Cathryne,F
1995,Kaitlyne,F
1995,Kameryn,F
1995,Kameryn,M
1995,Karolyne,F
1995,Kataryna,F
1995,Kateline,F
1995,Katelyne,F
1995,Katerine,F
1995,Kateryn,F
1995,Kateryna,F
1995,Katharine,F
1995,Katharyn,F
1995,Kathe,F
1995,Katheleen,F
1995,Kathelyn,F
1995,Katherene,F
1995,Katherin,F
1995,Katherina,F
1995,Katherine,F
1995,Katherine,M
1995,Katheryn,F
1995,Katheryne,F
1995,Kathia,F
1995,Kathie,F
1995,Kathleen,F
1995,Kathleene,F
1995,Kathlene,F
1995,Kathlyn,F
1995,Kathlynn,F
1995,Kathren,F
1995,Kathrin,F
1995,Kathrina,F
1995,Kathrine,F
1995,Kathryn,F
1995,Kathryn,M
1995,Kathryne,F
1995,Kathrynn,F
1995,Kathrynne,F
1995,Kathy,F
1995,Kathya,F
1995,Kathyrn,F
1995,Katianne,F
1995,Katline,F
1995,Katlyne,F
1995,Katlynne,F
1995,Katrine,F
1995,Katryn,F
1995,Katryna,F
1995,Kayne,M
1995,Marykatherine,F
1996,Catheryn,F
1996,Catheryne,F
1996,Kaitlyne,F
1996,Kameryn,F
1996,Karolyne,F
1996,Karynne,F
1996,Kataryna,F
1996,Katelyne,F
1996,Katerine,F
1996,Katharine,F
1996,Katharyn,F
1996,Katheleen,F
1996,Katherin,F
1996,Katherina,F
1996,Katherine,F
1996,Katherine,M
1996,Katherinne,F
1996,Kathern,F
1996,Katheryn,F
1996,Katheryne,F
1996,Kathia,F
1996,Kathiana,F
1996,Kathie,F
1996,Kathleen,F
1996,Kathlene,F
1996,Kathlina,F
1996,Kathlyn,F
1996,Kathlynn,F
1996,Kathreen,F
1996,Kathren,F
1996,Kathrin,F
1996,Kathrina,F
1996,Kathrine,F
1996,Kathryn,F
1996,Kathryne,F
1996,Kathrynn,F
1996,Kathy,F
1996,Kathya,F
1996,Kathyrn,F
1996,Katianne,F
1996,Katlyne,F
1996,Katlynne,F
1996,Katrine,F
1996,Katryna,F
1996,Kaylyne,F
1996,Kayne,M
1996,Marykatherine,F
1997,Catheryn,F
1997,Catheryne,F
1997,Cathryne,F
1997,Kaitlyne,F
1997,Kameryn,F
1997,Kameryn,M
1997,Karolyne,F
1997,Kataryna,F
1997,Kateline,F
1997,Katelyne,F
1997,Katerine,F
1997,Katharine,F
1997,Katharyn,F
1997,Katheleen,F
1997,Katheline,F
1997,Kathelyn,F
1997,Katheren,F
1997,Katherin,F
1997,Katherina,F
1997,Katherine,F
1997,Katherine,M
1997,Katherinne,F
1997,Katheryn,F
1997,Katheryne,F
1997,Kathia,F
1997,Kathie,F
1997,Kathleen,F
1997,Kathlene,F
1997,Kathlyn,F
1997,Kathlynn,F
1997,Kathreen,F
1997,Kathren,F
1997,Kathrin,F
1997,Kathrina,F
1997,Kathrine,F
1997,Kathryn,F
1997,Kathryn,M
1997,Kathryne,F
1997,Kathrynn,F
1997,Kathy,F
1997,Kathya,F
1997,Kathyrn,F
1997,Katline,F
1997,Katlyne,F
1997,Katlynne,F
1997,Katrine,F
1997,Katryn,F
1997,Katryna,F
1997,Kayne,M
1997,Marykatherine,F
1998,Catheryn,F
1998,Eryne,F
1998,Kailyne,F
1998,Kaitlyne,F
1998,Kalyne,F
1998,Kameryn,F
1998,Kameryn,M
1998,Karalyne,F
1998,Karolyne,F
1998,Kataryna,F
1998,Kateline,F
1998,Katelyne,F
1998,Katerine,F
1998,Kathan,M
1998,Katharine,F
1998,Katharyn,F
1998,Katheleen,F
1998,Katherin,F
1998,Katherina,F
1998,Katherine,F
1998,Katherine,M
1998,Kathern,F
1998,Katheryn,F
1998,Katheryne,F
1998,Kathi,F
1998,Kathia,F
1998,Kathiana,F
1998,Kathie,F
1998,Kathleen,F
1998,Kathlene,F
1998,Kathlyn,F
1998,Kathlyne,F
1998,Kathlynn,F
1998,Kathren,F
1998,Kathrin,F
1998,Kathrina,F
1998,Kathrine,F
1998,Kathryn,F
1998,Kathryne,F
1998,Kathrynn,F
1998,Kathy,F
1998,Kathya,F
1998,Kathyrn,F
1998,Katianne,F
1998,Katline,F
1998,Katlyne,F
1998,Katlynne,F
1998,Katrine,F
1998,Katryn,F
1998,Katryna,F
1998,Kaylyne,F
1998,Kayne,M
1998,Marykatherine,F
1999,Catheryn,F
1999,Cathryne,F
1999,Kaitlyne,F
1999,Kameryn,F
1999,Kameryn,M
1999,Karolyne,F
1999,Kataryna,F
1999,Kateline,F
1999,Katelyne,F
1999,Katerine,F
1999,Kateryn,F
1999,Kathan,M
1999,Katharine,F
1999,Katharyn,F
1999,Katheleen,F
1999,Kathelyn,F
1999,Katherene,F
1999,Katherin,F
1999,Katherina,F
1999,Katherine,F
1999,Katherine,M
1999,Katherinne,F
1999,Kathern,F
1999,Katheryn,F
1999,Katheryne,F
1999,Kathi,F
1999,Kathia,F
1999,Kathie,F
1999,Kathleen,F
1999,Kathlen,F
1999,Kathlene,F
1999,Kathlyn,F
1999,Kathlynn,F
1999,Kathrin,F
1999,Kathrina,F
1999,Kathrine,F
1999,Kathryn,F
1999,Kathryne,F
1999,Kathrynn,F
1999,Kathy,F
1999,Kathya,F
1999,Kathyrn,F
1999,Katlyne,F
1999,Katlynne,F
1999,Katrine,F
1999,Katryn,F
1999,Katryna,F
1999,Kawther,F
1999,Kayne,M
1999,Kaytlyne,F
1999,Marykatherine,F
2000,Catheryn,F
2000,Catheryne,F
2000,Cathryne,F
2000,Kaitlyne,F
2000,Kameryn,F
2000,Kameryn,M
2000,Karolyne,F
2000,Karyne,F
2000,Karynne,F
2000,Kataryna,F
2000,Kateline,F
2000,Katelyne,F
2000,Katerine,F
2000,Kateryn,F
2000,Kathan,M
2000,Katharine,F
2000,Katharyn,F
2000,Katheleen,F
2000,Kathelyn,F
2000,Katherin,F
2000,Katherina,F
2000,Katherine,F
2000,Katherine,M
2000,Katherinne,F
2000,Katheryn,F
2000,Katheryne,F
2000,Kathia,F
2000,Kathie,F
2000,Kathleen,F
2000,Kathlene,F
2000,Kathlyn,F
2000,Kathlynn,F
2000,Kathren,F
2000,Kathrin,F
2000,Kathrina,F
2000,Kathrine,F
2000,Kathryn,F
2000,Kathryne,F
2000,Kathrynn,F
2000,Kathrynne,F
2000,Kathy,F
2000,Kathya,F
2000,Kathyrn,F
2000,Katianne,F
2000,Katline,F
2000,Katlyne,F
2000,Katlynne,F
2000,Katrine,F
2000,Katryn,F
2000,Katryna,F
2000,Kayne,M
2000,Marykatherine,F
2001,Annakatherine,F
2001,Catheryn,F
2001,Cathryne,F
2001,Kailyne,F
2001,Kaitlyne,F
2001,Kameryn,F
2001,Kameryn,M
2001,Kamryne,F
2001,Karalyne,F
2001,Karolyne,F
2001,Karynne,F
2001,Kataryna,F
2001,Katelyne,F
2001,Katerine,F
2001,Kateryn,F
2001,Kathan,M
2001,Katharine,F
2001,Katharyn,F
2001,Kathe,F
2001,Kathelyn,F
2001,Katherene,F
2001,Katherin,F
2001,Katherina,F
2001,Katherine,F
2001,Katherine,M
2001,Katherinne,F
2001,Katheryn,F
2001,Katheryne,F
2001,Kathi,F
2001,Kathia,F
2001,Kathie,F
2001,Kathleen,F
2001,Kathlene,F
2001,Kathlyn,F
2001,Kathlynn,F
2001,Kathreen,F
2001,Kathren,F
2001,Kathrin,F
2001,Kathrina,F
2001,Kathrine,F
2001,Kathryn,F
2001,Kathryn,M
2001,Kathryne,F
2001,Kathrynn,F
2001,Kathrynne,F
2001,Kathy,F
2001,Kathya,F
2001,Kathyrn,F
2001,Katlyne,F
2001,Katlynne,F
2001,Katrine,F
2001,Katryn,F
2001,Katryna,F
2001,Kawther,F
2001,Kaylyne,F
2001,Kayne,M
2001,Marykatherine,F
2002,Annakatherine,F
2002,Catheryn,F
2002,Catheryne,F
2002,Cathryne,F
2002,Kaitlyne,F
2002,Kameryn,F
2002,Kameryn,M
2002,Karalyne,F
2002,Kataryna,F
2002,Katelyne,F
2002,Katerine,F
2002,Kateryn,F
2002,Kathan,M
2002,Katharine,F
2002,Katharyn,F
2002,Kathelyn,F
2002,Katherene,F
2002,Katherin,F
2002,Katherina,F
2002,Katherine,F
2002,Katherine,M
2002,Katherinne,F
2002,Kathern,F
2002,Katheryn,F
2002,Katheryne,F
2002,Kathia,F
2002,Kathie,F
2002,Kathleen,F
2002,Kathlene,F
2002,Kathlyn,F
2002,Kathlynn,F
2002,Kathren,F
2002,Kathrin,F
2002,Kathrina,F
2002,Kathrine,F
2002,Kathryn,F
2002,Kathryn,M
2002,Kathryne,F
2002,Kathrynn,F
2002,Kathy,F
2002,Kathya,F
2002,Kathyrn,F
2002,Katianne,F
2002,Katlyne,F
2002,Katlynne,F
2002,Katrine,F
2002,Katryn,F
2002,Katryna,F
2002,Kayne,M
2002,Marykatherine,F
2002,Theryn,M
2003,Annakatherine,F
2003,Catheryn,F
2003,Cathryne,F
2003,Kailyne,F
2003,Kaitlyne,F
2003,Kameryn,F
2003,Kameryn,M
2003,Karalyne,F
2003,Karolyne,F
2003,Kateline,F
2003,Katelyne,F
2003,Katerine,F
2003,Kateryn,F
2003,Katharine,F
2003,Katharyn,F
2003,Katheline,F
2003,Kathelyn,F
2003,Katherin,F
2003,Katherina,F
2003,Katherine,F
2003,Katherine,M
2003,Katherinne,F
2003,Katheryn,F
2003,Katheryne,F
2003,Kathia,F
2003,Kathie,F
2003,Kathleen,F
2003,Kathlene,F
2003,Kathlyn,F
2003,Kathlynn,F
2003,Kathren,F
2003,Kathrin,F
2003,Kathrina,F
2003,Kathrine,F
2003,Kathryn,F
2003,Kathryne,F
2003,Kathrynn,F
2003,Kathrynne,F
2003,Kathy,F
2003,Kathya,F
2003,Kathyrn,F
2003,Katianne,F
2003,Katlyne,F
2003,Katlynne,F
2003,Katrine,F
2003,Katryn,F
2003,Katryna,F
2003,Kayne,M
2003,Marykatherine,F
2004,Catheryn,F
2004,Kaitlyne,F
2004,Kameryn,F
2004,Kameryn,M
2004,Karalyne,F
2004,Karolyne,F
2004,Kataryna,F
2004,Kateline,F
2004,Katelyne,F
2004,Katerine,F
2004,Kateryn,F
2004,Kateryna,F
2004,Kathan,M
2004,Katharine,F
2004,Katharyn,F
2004,Katheleen,F
2004,Kathelyn,F
2004,Katherene,F
2004,Katherin,F
2004,Katherina,F
2004,Katherine,F
2004,Katherine,M
2004,Katheryn,F
2004,Katheryne,F
2004,Kathia,F
2004,Kathie,F
2004,Kathleen,F
2004,Kathlene,F
2004,Kathlyn,F
2004,Kathlynn,F
2004,Kathren,F
2004,Kathrin,F
2004,Kathrina,F
2004,Kathrine,F
2004,Kathryn,F
2004,Kathryn,M
2004,Kathryne,F
2004,Kathrynn,F
2004,Kathy,F
2004,Kathya,F
2004,Kathyrn,F
2004,Katlyne,F
2004,Katlynne,F
2004,Katrine,F
2004,Katryn,F
2004,Katryna,F
2004,Kaylyne,F
2004,Kayne,M
2004,Marykatherine,F
2004,Theryn,M
2005,Annakatherine,F
2005,Catheryn,F
2005,Catheryne,F
2005,Kaelyne,F
2005,Kailyne,F
2005,Kaitlyne,F
2005,Kameryn,F
2005,Kameryn,M
2005,Karalyne,F
2005,Karmyne,M
2005,Karolyne,F
2005,Kateline,F
2005,Katelyne,F
2005,Katerine,F
2005,Kateryn,F
2005,Kathan,M
2005,Katharine,F
2005,Katharyn,F
2005,Kathe,F
2005,Katheleen,F
2005,Katheline,F
2005,Kathelyn,F
2005,Katherin,F
2005,Katherina,F
2005,Katherine,F
2005,Katherine,M
2005,Katherinne,F
2005,Kathern,F
2005,Katheryn,F
2005,Katheryne,F
2005,Kathia,F
2005,Kathie,F
2005,Kathleen,F
2005,Kathlene,F
2005,Kathlyn,F
2005,Kathlynn,F
2005,Kathrin,F
2005,Kathrina,F
2005,Kathrine,F
2005,Kathryn,F
2005,Kathryn,M
2005,Kathryne,F
2005,Kathrynn,F
2005,Kathrynne,F
2005,Kathy,F
2005,Kathya,F
2005,Kathyrn,F
2005,Katlyne,F
2005,Katrine,F
2005,Katryn,F
2005,Katryna,F
2005,Kayne,M
2005,Marykatherine,F
2005,Theryn,M
2006,Annakatherine,F
2006,Catheryn,F
2006,Catheryne,F
2006,Cathryne,F
2006,Kaitlyne,F
2006,Kameryn,F
2006,Kameryn,M
2006,Kamrynne,F
2006,Karalyne,F
2006,Karmyne,M
2006,Karolyne,F
2006,Karynne,F
2006,Kataryna,F
2006,Katelyne,F
2006,Katerine,F
2006,Kateryn,F
2006,Kathan,M
2006,Katharine,F
2006,Katharyn,F
2006,Kathelyn,F
2006,Katherin,F
2006,Katherina,F
2006,Katherine,F
2006,Katherine,M
2006,Katherinne,F
2006,Kathern,F
2006,Katheryn,F
2006,Katheryne,F
2006,Kathia,F
2006,Kathie,F
2006,Kathleen,F
2006,Kathlene,F
2006,Kathlyn,F
2006,Kathlynn,F
2006,Kathren,F
2006,Kathrin,F
2006,Kathrine,F
2006,Kathryn,F
2006,Kathryn,M
2006,Kathryne,F
2006,Kathrynn,F
2006,Kathrynne,F
2006,Kathy,F
2006,Kathya,F
2006,Kathyrn,F
2006,Katlyne,F
2006,Katlynne,F
2006,Katrine,F
2006,Katryn,F
2006,Katryna,F
2006,Kaylyne,F
2006,Kayne,M
2006,Marykatherine,F
2007,Catheryn,F
2007,Kaitlyne,F
2007,Kameryn,F
2007,Kameryn,M
2007,Karalyne,F
2007,Karmyne,M
2007,Kat,F
2007,Kataryna,F
2007,Kateline,F
2007,Katelyne,F
2007,Katerine,F
2007,Kateryn,F
2007,Kateryna,F
2007,Kathan,M
2007,Katharine,F
2007,Katheleen,F
2007,Kathelyn,F
2007,Katherin,F
2007,Katherina,F
2007,Katherine,F
2007,Katherine,M
2007,Katherinne,F
2007,Katheryn,F
2007,Katheryne,F
2007,Kathia,F
2007,Kathie,F
2007,Kathleen,F
2007,Kathlene,F
2007,Kathlyn,F
2007,Kathlynn,F
2007,Kathren,F
2007,Kathrin,F
2007,Kathrina,F
2007,Kathrine,F
2007,Kathryn,F
2007,Kathryn,M
2007,Kathryne,F
2007,Kathrynn,F
2007,Kathy,F
2007,Kathya,F
2007,Kathyrn,F
2007,Katianne,F
2007,Katlyne,F
2007,Katrine,F
2007,Katryna,F
2007,Kaylyne,F
2007,Kayne,M
2007,Marykatherine,F
2008,Catheryn,F
2008,Catheryne,F
2008,Kailyne,F
2008,Kaitlyne,F
2008,Kameryn,F
2008,Kameryn,M
2008,Karalyne,F
2008,Karmyne,M
2008,Karolyne,F
2008,Katelyne,F
2008,Katerine,F
2008,Kateryn,F
2008,Kathan,M
2008,Katharine,F
2008,Katharyn,F
2008,Katheleen,F
2008,Kathelyn,F
2008,Kathen,M
2008,Katherin,F
2008,Katherina,F
2008,Katherine,F
2008,Katherine,M
2008,Katherinne,F
2008,Katheryn,F
2008,Katheryne,F
2008,Kathia,F
2008,Kathie,F
2008,Kathleen,F
2008,Kathlyn,F
2008,Kathlynn,F
2008,Kathrin,F
2008,Kathrina,F
2008,Kathrine,F
2008,Kathryn,F
2008,Kathryne,F
2008,Kathrynn,F
2008,Kathy,F
2008,Kathya,F
2008,Kathyrn,F
2008,Katrine,F
2008,Katryn,F
2008,Katryna,F
2008,Kawther,F
2008,Kaylyne,F
2008,Kayne,M
2008,Marykatherine,F
2008,Theryn,F
2008,Theryn,M
2009,Catheryn,F
2009,Kailyne,F
2009,Kaitlyne,F
2009,Kameryn,F
2009,Kameryn,M
2009,Karalyne,F
2009,Karmyne,M
2009,Kat,F
2009,Kateline,F
2009,Katelyne,F
2009,Katerine,F
2009,Kateryn,F
2009,Kateryna,F
2009,Kathan,M
2009,Katharine,F
2009,Katharyn,F
2009,Kathelyn,F
2009,Katherin,F
2009,Katherina,F
2009,Katherine,F
2009,Katherine,M
2009,Katherinne,F
2009,Katheryn,F
2009,Katheryne,F
2009,Kathia,F
2009,Kathie,F
2009,Kathleen,F
2009,Kathlene,F
2009,Kathlyn,F
2009,Kathlynn,F
2009,Kathrin,F
2009,Kathrine,F
2009,Kathryn,F
2009,Kathryn,M
2009,Kathryne,F
2009,Kathrynn,F
2009,Kathy,F
2009,Kathya,F
2009,Kathyrn,F
2009,Katlyne,F
2009,Katlynne,F
2009,Katryna,F
2009,Kawther,F
2009,Kaylyne,F
2009,Kayne,M
2009,Marykatherine,F
2010,Catheryn,F
2010,Kalyne,F
2010,Kameryn,F
2010,Kameryn,M
2010,Karmyne,M
2010,Karolyne,F
2010,Karynne,F
2010,Kateline,F
2010,Katelyne,F
2010,Katerine,F
2010,Kateryn,F
2010,Kateryna,F
2010,Kathan,M
2010,Katharine,F
2010,Katharyn,F
2010,Kathelyn,F
2010,Katherin,F
2010,Katherina,F
2010,Katherine,F
2010,Katherinne,F
2010,Katheryn,F
2010,Katheryne,F
2010,Kathia,F
2010,Kathie,F
2010,Kathleen,F
2010,Kathlyn,F
2010,Kathlynn,F
2010,Kathren,F
2010,Kathrin,F
2010,Kathrine,F
2010,Kathryn,F
2010,Kathryne,F
2010,Kathrynn,F
2010,Kathy,F
2010,Kathya,F
2010,Katryn,F
2010,Katryna,F
2010,Kaylyne,F
2010,Kayne,M
2010,Marykatherine,F
2011,Annakatherine,F
2011,Catheryn,F
2011,Kailyne,F
2011,Kaitlyne,F
2011,Kameryn,F
2011,Kameryn,M
2011,Karolyne,F
2011,Kataryna,F
2011,Katelyne,F
2011,Katerine,F
2011,Kateryna,F
2011,Kathan,M
2011,Katharine,F
2011,Katharyn,F
2011,Katherin,F
2011,Katherina,F
2011,Katherine,F
2011,Katherine,M
2011,Katherinne,F
2011,Katheryn,F
2011,Katheryne,F
2011,Kathia,F
2011,Kathie,F
2011,Kathleen,F
2011,Kathlyn,F
2011,Kathlynn,F
2011,Kathrin,F
2011,Kathrine,F
2011,Kathryn,F
2011,Kathryne,F
2011,Kathrynn,F
2011,Kathy,F
2011,Kathya,F
2011,Kathyrn,F
2011,Katrine,F
2011,Katryna,F
2011,Kawther,F
2011,Kayne,M
2011,Marykatherine,F
2012,Catheryn,F
2012,Catheryne,F
2012,Kailyne,F
2012,Kaitlyne,F
2012,Kameryn,F
2012,Kameryn,M
2012,Karolyne,F
2012,Katelyne,F
2012,Katerine,F
2012,Kateryn,F
2012,Kateryna,F
2012,Kathalia,F
2012,Kathan,M
2012,Katharine,F
2012,Kathelyn,F
2012,Katherin,F
2012,Katherina,F
2012,Katherine,F
2012,Katheryn,F
2012,Katheryne,F
2012,Kathia,F
2012,Kathie,F
2012,Kathleen,F
2012,Kathlyn,F
2012,Kathlynn,F
2012,Kathren,F
2012,Kathrina,F
2012,Kathrine,F
2012,Kathryn,F
2012,Kathryne,F
2012,Kathy,F
2012,Kathya,F
2012,Katrine,F
2012,Kayne,M
2012,Marykatherine,F
2012,Theryn,F
2012,Theryn,M
2013,Annakatherine,F
2013,Catheryn,F
2013,Kailyne,F
2013,Kameryn,F
2013,Kameryn,M
2013,Karalyne,F
2013,Karolyne,F
2013,Kat,F
2013,Katelyne,F
2013,Katerine,F
2013,Kateryna,F
2013,Kathan,M
2013,Katharine,F
2013,Kathelyn,F
2013,Katherin,F
2013,Katherina,F
2013,Katherine,F
2013,Katheryn,F
2013,Katheryne,F
2013,Kathia,F
2013,Kathie,F
2013,Kathleen,F
2013,Kathlyn,F
2013,Kathlynn,F
2013,Kathrin,F
2013,Kathrine,F
2013,Kathryn,F
2013,Kathryne,F
2013,Kathrynn,F
2013,Kathy,F
2013,Kathya,F
2013,Katryna,F
2013,Kayne,M
2013,Marykatherine,F
2013,Theryn,F
2014,Catheryn,F
2014,Kameryn,F
2014,Kameryn,M
2014,Karalyne,F
2014,Karmyne,M
2014,Karolyne,F
2014,Kataryna,F
2014,Katerine,F
2014,Kateryn,F
2014,Kateryna,F
2014,Kathan,M
2014,Katharine,F
2014,Kathelyn,F
2014,Katherin,F
2014,Katherina,F
2014,Katherine,F
2014,Katherine,M
2014,Katherinne,F
2014,Katheryn,F
2014,Katheryne,F
2014,Kathia,F
2014,Kathie,F
2014,Kathleen,F
2014,Kathlene,F
2014,Kathlyn,F
2014,Kathlynn,F
2014,Kathrine,F
2014,Kathryn,F
2014,Kathryne,F
2014,Kathrynn,F
2014,Kathrynne,F
2014,Kathy,F
2014,Kathya,F
2014,Katrine,F
2014,Katryna,F
2014,Kayne,M
2014,Marykatherine,F
2014,Theryn,M
2015,Catheryn,F
2015,Kameryn,F
2015,Kameryn,M
2015,Karolyne,F
2015,Kataryna,F
2015,Katerine,F
2015,Kateryna,F
2015,Kathalia,F
2015,Kathan,M
2015,Katharine,F
2015,Katherin,F
2015,Katherina,F
2015,Katherine,F
2015,Katherine,M
2015,Katherinne,F
2015,Katheryn,F
2015,Katheryne,F
2015,Katherynn,F
2015,Kathia,F
2015,Kathleen,F
2015,Kathlyn,F
2015,Kathlynn,F
2015,Kathrine,F
2015,Kathryn,F
2015,Kathryne,F
2015,Kathrynn,F
2015,Kathy,F
2015,Kathya,F
2015,Kayne,M
2015,Marykatherine,F
2016,Annakatherine,F
2016,Kameryn,F
2016,Kameryn,M
2016,Karalyne,F
2016,Karolyne,F
2016,Kat,F
2016,Kataryna,F
2016,Katelyne,F
2016,Katerine,F
2016,Kateryn,F
2016,Kateryna,F
2016,Kathalia,F
2016,Kathan,M
2016,Katharine,F
2016,Katherin,F
2016,Katherina,F
2016,Katherine,F
2016,Katherinne,F
2016,Katheryn,F
2016,Katheryne,F
2016,Kathia,F
2016,Kathie,F
2016,Kathir,M
2016,Kathleen,F
2016,Kathlyn,F
2016,Kathrine,F
2016,Kathryn,F
2016,Kathryne,F
2016,Kathrynn,F
2016,Kathy,F
2016,Kathya,F
2016,Katrine,F
2016,Katryn,F
2016,Kayne,M
2016,Marykatherine,F
2017,Kameryn,F
2017,Kameryn,M
2017,Karalyne,F
2017,Karolyne,F
2017,Katerine,F
2017,Kateryn,F
2017,Kateryna,F
2017,Kathalia,F
2017,Katharine,F
2017,Katherin,F
2017,Katherina,F
2017,Katherine,F
2017,Katherinne,F
2017,Katheryn,F
2017,Katheryne,F
2017,Kathia,F
2017,Kathie,F
2017,Kathir,M
2017,Kathleen,F
2017,Kathlyn,F
2017,Kathlynn,F
2017,Kathrine,F
2017,Kathryn,F
2017,Kathryne,F
2017,Kathrynn,F
2017,Kathy,F
2017,Kathya,F
2017,Katrine,F
2017,Katryna,F
2017,Kawther,F
2017,Kayne,M
2017,Marykatherine,F
2018,Catheryn,F
2018,Kameryn,F
2018,Kameryn,M
2018,Karalyne,F
2018,Karolyne,F
2018,Kataryna,F
2018,Katerine,F
2018,Kateryna,F
2018,Kathalia,F
2018,Kathan,M
2018,Katharine,F
2018,Katherin,F
2018,Katherina,F
2018,Katherine,F
2018,Katheryn,F
2018,Katheryne,F
2018,Kathia,F
2018,Kathie,F
2018,Kathleen,F
2018,Kathlyn,F
2018,Kathlynn,F
2018,Kathrine,F
2018,Kathryn,F
2018,Kathryne,F
2018,Kathrynn,F
2018,Kathy,F
2018,Kathya,F
2018,Kathyrn,F
2018,Katryna,F
2018,Kayne,M
2018,Marykatherine,F
2018,Theryn,M
2019,Catheryn,F
2019,Kameryn,F
2019,Kameryn,M
2019,Karalyne,F
2019,Karolyne,F
2019,Kataryna,F
2019,Kateryna,F
2019,Katharine,F
2019,Katherin,F
2019,Katherina,F
2019,Katherine,F
2019,Katheryn,F
2019,Katheryne,F
2019,Kathia,F
2019,Kathir,M
2019,Kathleen,F
2019,Kathlyn,F
2019,Kathlynn,F
2019,Kathrine,F
2019,Kathryn,F
2019,Kathryne,F
2019,Kathrynn,F
2019,Kathrynne,F
2019,Kathy,F
2019,Kathya,F
2019,Kayne,M
2019,Marykatherine,F
2020,Annakatherine,F
2020,Kameryn,F
2020,Kameryn,M
2020,Karolyne,F
2020,Katerine,F
2020,Kateryn,F
2020,Kateryna,F
2020,Kathan,M
2020,Katharine,F
2020,Katherin,F
2020,Katherina,F
2020,Katherine,F
2020,Katheryn,F
2020,Katheryne,F
2020,Kathia,F
2020,Kathie,F
2020,Kathleen,F
2020,Kathlyn,F
2020,Kathlynn,F
2020,Kathrine,F
2020,Kathryn,F
2020,Kathryne,F
2020,Kathy,F
2020,Kathya,F
2020,Kayne,M
2020,Marykatherine,F
2020,Theryn,M
2021,Annakatherine,F
2021,Kameryn,F
2021,Kameryn,M
2021,Karolyne,F
2021,Kat,F
2021,Katerine,F
2021,Kateryna,F
2021,Kathalia,F
2021,Katharine,F
2021,Kathena,F
2021,Katherin,F
2021,Katherina,F
2021,Katherine,F
2021,Katheryn,F
2021,Katheryne,F
2021,Kathia,F
2021,Kathir,M
2021,Kathleen,F
2021,Kathlyn,F
2021,Kathlynn,F
2021,Kathrin,F
2021,Kathrine,F
2021,Kathryn,F
2021,Kathryne,F
2021,Kathy,F
2021,Kathya,F
2021,Kayne,M
2021,Marykatherine,F
2022,Kameryn,F
2022,Kameryn,M
2022,Kataryna,F
2022,Katerine,F
2022,Kateryna,F
2022,Kathalia,F
2022,Katharine,F
2022,Katherin,F
2022,Katherina,F
2022,Katherine,F
2022,Katheryn,F
2022,Kathia,F
2022,Kathir,M
2022,Kathleen,F
2022,Kathlyn,F
2022,Kathlynn,F
2022,Kathrine,F
2022,Kathryn,F
2022,Kathryne,F
2022,Kathrynn,F
2022,Kathy,F
2022,Kathya,F
2022,Kayne,M
2022,Marykatherine,F
2023,Annakatherine,F
2023,Kameryn,F
2023,Kameryn,M
2023,Kat,F
2023,Katerine,F
2023,Kateryna,F
2023,Katha,F
2023,Kathalia,F
2023,Katharine,F
2023,Katherin,F
2023,Katherina,F
2023,Katherine,F
2023,Katheryn,F
2023,Katheryne,F
2023,Kathia,F
2023,Kathleen,F
2023,Kathlyn,F
2023,Kathlynn,F
2023,Kathrine,F
2023,Kathryn,F
2023,Kathryne,F
2023,Kathrynn,F
2023,Kathy,F
2023,Kathya,F
2023,Kayne,M
2023,Marykatherine,F
